# x_m,y_m,w_tr_right_m,w_tr_left_m
21.4000,1.7500,1.3207,1.3207
21.3500,1.7500,1.3297,1.3297
21.3000,1.7000,1.3890,1.3890
21.2500,1.7000,1.4008,1.4008
21.2000,1.6500,1.4621,1.4621
21.1500,1.6000,1.4971,1.4971
21.1000,1.5500,1.4919,1.4919
21.0500,1.5000,1.4800,1.4800
21.0000,1.4500,1.4643,1.4643
20.9500,1.4000,1.4508,1.4508
20.9500,1.3500,1.4711,1.4711
20.9000,1.3000,1.4643,1.4643
20.8500,1.2500,1.4508,1.4508
20.8000,1.2000,1.4325,1.4325
20.8000,1.1500,1.4560,1.4560
20.7500,1.1000,1.4378,1.4378
20.7000,1.0500,1.4225,1.4225
20.7000,1.0000,1.4508,1.4508
20.6500,0.9500,1.4325,1.4325
20.6500,0.9000,1.4508,1.4508
20.6000,0.8500,1.4325,1.4325
20.5500,0.8000,1.4101,1.4101
20.5500,0.7500,1.4325,1.4325
20.5000,0.7000,1.4125,1.4125
20.5000,0.6500,1.4378,1.4378
20.4500,0.6000,1.4225,1.4225
20.4500,0.5500,1.4225,1.4225
20.4000,0.5000,1.4325,1.4325
20.4000,0.4500,1.4125,1.4125
20.3500,0.4000,1.4325,1.4325
20.3000,0.3500,1.4101,1.4101
20.3000,0.3000,1.4325,1.4325
20.2500,0.2500,1.4101,1.4101
20.2500,0.2000,1.4325,1.4325
20.2000,0.1500,1.4101,1.4101
20.2000,0.1000,1.4325,1.4325
20.1500,0.0500,1.4101,1.4101
20.1500,0.0000,1.4325,1.4325
20.1000,-0.0500,1.4101,1.4101
20.1000,-0.1000,1.4325,1.4325
20.0500,-0.1500,1.4101,1.4101
20.0500,-0.2000,1.4325,1.4325
20.0500,-0.2500,1.4101,1.4101
20.0000,-0.3000,1.4325,1.4325
20.0000,-0.3500,1.4101,1.4101
19.9500,-0.4000,1.4325,1.4325
19.9500,-0.4500,1.4101,1.4101
19.9000,-0.5000,1.4325,1.4325
19.9000,-0.5500,1.4101,1.4101
19.8500,-0.6000,1.4325,1.4325
19.8500,-0.6500,1.4155,1.4155
19.8000,-0.7000,1.4325,1.4325
19.8000,-0.7500,1.4286,1.4286
19.7500,-0.8000,1.4286,1.4286
19.7500,-0.8500,1.4325,1.4325
19.7500,-0.9000,1.4101,1.4101
19.7000,-0.9500,1.4348,1.4348
19.7000,-1.0000,1.4155,1.4155
19.6500,-1.0500,1.4325,1.4325
19.6500,-1.1000,1.4286,1.4286
19.6000,-1.1500,1.4286,1.4286
19.6000,-1.2000,1.4325,1.4325
19.5500,-1.2500,1.4155,1.4155
19.5500,-1.3000,1.4348,1.4348
19.5000,-1.3500,1.4101,1.4101
19.5000,-1.4000,1.4325,1.4325
19.5000,-1.4500,1.4286,1.4286
19.4500,-1.5000,1.4286,1.4286
19.4500,-1.5500,1.4348,1.4348
19.4000,-1.6000,1.4155,1.4155
19.4000,-1.6500,1.4348,1.4348
19.4000,-1.7000,1.4286,1.4286
19.3500,-1.7500,1.4286,1.4286
19.3500,-1.8000,1.4348,1.4348
19.3500,-1.8500,1.4155,1.4155
19.3000,-1.9000,1.4348,1.4348
19.3000,-1.9500,1.4286,1.4286
19.2500,-2.0000,1.4286,1.4286
19.2500,-2.0500,1.4348,1.4348
19.2000,-2.1000,1.4140,1.4140
19.2000,-2.1500,1.4286,1.4286
19.2000,-2.2000,1.4286,1.4286
19.1500,-2.2500,1.4155,1.4155
19.1500,-2.3000,1.4348,1.4348
19.1500,-2.3500,1.4286,1.4286
19.1000,-2.4000,1.4286,1.4286
19.1000,-2.4500,1.4348,1.4348
19.0500,-2.5000,1.4140,1.4140
19.0500,-2.5500,1.4286,1.4286
19.0500,-2.6000,1.4286,1.4286
19.0000,-2.6500,1.4155,1.4155
19.0000,-2.7000,1.4348,1.4348
19.0000,-2.7500,1.4286,1.4286
18.9500,-2.8000,1.4286,1.4286
18.9500,-2.8500,1.4447,1.4447
18.9500,-2.9000,1.4286,1.4286
18.9000,-2.9500,1.4286,1.4286
18.9000,-3.0000,1.4348,1.4348
18.9000,-3.0500,1.4155,1.4155
18.9000,-3.1000,1.3977,1.3977
18.8500,-3.1500,1.4286,1.4286
18.8500,-3.2000,1.4140,1.4140
18.8500,-3.2500,1.3977,1.3977
18.8500,-3.3000,1.3811,1.3811
18.8500,-3.3500,1.3660,1.3660
18.8500,-3.4000,1.3508,1.3508
18.8000,-3.4500,1.3811,1.3811
18.8000,-3.5000,1.3660,1.3660
18.8000,-3.5500,1.3508,1.3508
18.8000,-3.6000,1.3338,1.3338
18.8000,-3.6500,1.3182,1.3182
18.8000,-3.7000,1.3042,1.3042
18.8500,-3.7500,1.2431,1.2431
18.9000,-3.8000,1.1829,1.1829
18.9500,-3.8500,1.1238,1.1238
19.0000,-3.9000,1.0659,1.0659
19.0500,-3.9500,1.0093,1.0093
19.1000,-4.0000,0.9543,0.9543
19.1000,-4.0500,0.9511,0.9511
19.1500,-4.1000,0.9000,0.9000
19.1500,-4.1500,0.9011,0.9011
19.1500,-4.2000,0.9045,0.9045
19.1500,-4.2500,0.8607,0.8607
19.2000,-4.3000,0.8198,0.8198
19.2500,-4.3500,0.7823,0.7823
19.3000,-4.4000,0.7487,0.7487
19.3500,-4.4500,0.7192,0.7192
19.4000,-4.5000,0.6944,0.6944
19.4500,-4.5500,0.6746,0.6746
19.5000,-4.6000,0.6602,0.6602
19.5500,-4.6500,0.6515,0.6515
19.6000,-4.7000,0.6485,0.6485
19.6500,-4.7500,0.6322,0.6322
19.7000,-4.8000,0.6201,0.6201
19.7000,-4.8500,0.6201,0.6201
19.7500,-4.9000,0.6276,0.6276
19.7500,-4.9500,0.6062,0.6062
19.8000,-5.0000,0.6276,0.6276
19.8000,-5.0500,0.6062,0.6062
19.8500,-5.1000,0.6276,0.6276
19.9000,-5.1500,0.6201,0.6201
19.9000,-5.2000,0.6201,0.6201
19.9500,-5.2500,0.6276,0.6276
19.9500,-5.3000,0.6062,0.6062
20.0000,-5.3500,0.6276,0.6276
20.0000,-5.4000,0.6062,0.6062
20.0500,-5.4500,0.6276,0.6276
20.0500,-5.5000,0.6062,0.6062
20.1000,-5.5500,0.6276,0.6276
20.1500,-5.6000,0.6276,0.6276
20.1500,-5.6500,0.6201,0.6201
20.2000,-5.7000,0.6276,0.6276
20.2000,-5.7500,0.6062,0.6062
20.2500,-5.8000,0.6276,0.6276
20.2500,-5.8500,0.6062,0.6062
20.2500,-5.9000,0.5826,0.5826
20.2500,-5.9500,0.5616,0.5616
20.3000,-6.0000,0.5906,0.5906
20.3000,-6.0500,0.5762,0.5762
20.3000,-6.1000,0.5649,0.5649
20.3000,-6.1500,0.5566,0.5566
20.3000,-6.2000,0.5517,0.5517
20.3500,-6.2500,0.6000,0.6000
20.3500,-6.3000,0.6000,0.6000
20.3500,-6.3500,0.6016,0.6016
20.4000,-6.4000,0.6559,0.6559
20.4000,-6.4500,0.6631,0.6631
20.4000,-6.5000,0.6732,0.6732
20.4500,-6.5500,0.7341,0.7341
20.4500,-6.6000,0.7394,0.7394
20.4500,-6.6500,0.7192,0.7192
20.4500,-6.7000,0.7014,0.7014
20.4500,-6.7500,0.6860,0.6860
20.5000,-6.8000,0.7220,0.7220
20.5000,-6.8500,0.7124,0.7124
20.5000,-6.9000,0.7055,0.7055
20.5000,-6.9500,0.7014,0.7014
20.5500,-7.0000,0.7500,0.7500
20.5500,-7.0500,0.7500,0.7500
20.5500,-7.1000,0.7513,0.7513
20.5500,-7.1500,0.7552,0.7552
20.5500,-7.2000,0.7618,0.7618
20.6000,-7.2500,0.8198,0.8198
20.6000,-7.3000,0.8308,0.8308
20.6000,-7.3500,0.8440,0.8440
20.6000,-7.4000,0.8595,0.8595
20.6500,-7.4500,0.9236,0.9236
20.6500,-7.5000,0.9424,0.9424
20.6500,-7.5500,0.9630,0.9630
20.6500,-7.6000,0.9853,0.9853
20.7000,-7.6500,1.0530,1.0530
20.7000,-7.7000,1.0649,1.0649
20.7000,-7.7500,1.0500,1.0500
20.7000,-7.8000,1.0369,1.0369
20.7000,-7.8500,1.0258,1.0258
20.7500,-7.9000,1.0659,1.0659
20.7500,-7.9500,1.0590,1.0590
20.7500,-8.0000,1.0540,1.0540
20.7500,-8.0500,1.0510,1.0510
20.7500,-8.1000,1.0500,1.0500
20.7500,-8.1500,1.0500,1.0500
20.7500,-8.2000,1.0500,1.0500
20.7500,-8.2500,1.0510,1.0510
20.7500,-8.3000,1.0540,1.0540
20.7500,-8.3500,1.0590,1.0590
20.8000,-8.4000,1.1153,1.1153
20.8500,-8.4500,1.1730,1.1730
20.8500,-8.5000,1.1829,1.1829
20.9000,-8.5500,1.2431,1.2431
20.9000,-8.6000,1.2560,1.2560
20.9500,-8.6500,1.3182,1.3182
21.0000,-8.7000,1.3811,1.3811
21.0000,-8.7500,1.3977,1.3977
21.0500,-8.8000,1.4325,1.4325
21.0500,-8.8500,1.4101,1.4101
21.1000,-8.9000,1.4225,1.4225
21.1000,-8.9500,1.3953,1.3953
21.1500,-9.0000,1.4125,1.4125
21.1500,-9.0500,1.3882,1.3882
21.1500,-9.1000,1.3652,1.3652
21.1500,-9.1500,1.3435,1.3435
21.1500,-9.2000,1.3207,1.3207
21.2000,-9.2500,1.3435,1.3435
21.2000,-9.3000,1.3207,1.3207
21.2000,-9.3500,1.2983,1.2983
21.2000,-9.4000,1.2773,1.2773
21.2500,-9.4500,1.3042,1.3042
21.2500,-9.5000,1.2866,1.2866
21.2500,-9.5500,1.2705,1.2705
21.2500,-9.6000,1.2560,1.2560
21.2500,-9.6500,1.2431,1.2431
21.3000,-9.7000,1.2807,1.2807
21.3000,-9.7500,1.2714,1.2714
21.3000,-9.8000,1.2637,1.2637
21.3000,-9.8500,1.2577,1.2577
21.3500,-9.9000,1.3033,1.3033
21.3500,-9.9500,1.3008,1.3008
21.3500,-10.0000,1.3000,1.3000
21.3500,-10.0500,1.3000,1.3000
21.3500,-10.1000,1.3000,1.3000
21.3500,-10.1500,1.3008,1.3008
21.3500,-10.2000,1.3033,1.3033
21.3500,-10.2500,1.3075,1.3075
21.3000,-10.3000,1.2637,1.2637
21.3000,-10.3500,1.2714,1.2714
21.3000,-10.4000,1.2807,1.2807
21.3000,-10.4500,1.2916,1.2916
21.2500,-10.5000,1.2560,1.2560
21.2500,-10.5500,1.2705,1.2705
21.2500,-10.6000,1.2866,1.2866
21.2500,-10.6500,1.3042,1.3042
21.2000,-10.7000,1.2773,1.2773
21.2000,-10.7500,1.2983,1.2983
21.2000,-10.8000,1.3207,1.3207
21.1500,-10.8500,1.3008,1.3008
21.1500,-10.9000,1.3264,1.3264
21.1500,-10.9500,1.3532,1.3532
21.1500,-11.0000,1.3811,1.3811
21.1000,-11.0500,1.3692,1.3692
21.1000,-11.1000,1.3953,1.3953
21.1000,-11.1500,1.4225,1.4225
21.1000,-11.2000,1.4101,1.4101
21.0500,-11.2500,1.4225,1.4225
21.0000,-11.3000,1.4325,1.4325
20.9500,-11.3500,1.4225,1.4225
20.9500,-11.4000,1.4225,1.4225
20.9000,-11.4500,1.4325,1.4325
20.8500,-11.5000,1.4225,1.4225
20.8500,-11.5500,1.4101,1.4101
20.8000,-11.6000,1.4225,1.4225
20.7500,-11.6500,1.4225,1.4225
20.7000,-11.7000,1.4101,1.4101
20.7000,-11.7500,1.4225,1.4225
20.6500,-11.8000,1.4325,1.4325
20.6000,-11.8500,1.4225,1.4225
20.6000,-11.9000,1.4101,1.4101
20.5500,-11.9500,1.4225,1.4225
20.5000,-12.0000,1.4225,1.4225
20.5000,-12.0500,1.4101,1.4101
20.4500,-12.1000,1.4225,1.4225
20.4000,-12.1500,1.4325,1.4325
20.3500,-12.2000,1.4225,1.4225
20.3500,-12.2500,1.4225,1.4225
20.3000,-12.3000,1.4325,1.4325
20.2500,-12.3500,1.4225,1.4225
20.2500,-12.4000,1.4101,1.4101
20.2000,-12.4500,1.4225,1.4225
20.1500,-12.5000,1.4225,1.4225
20.1500,-12.5500,1.4101,1.4101
20.1000,-12.6000,1.4225,1.4225
20.0500,-12.6500,1.4325,1.4325
20.0000,-12.7000,1.4225,1.4225
20.0000,-12.7500,1.4225,1.4225
19.9500,-12.8000,1.4325,1.4325
19.9000,-12.8500,1.4225,1.4225
19.9000,-12.9000,1.4101,1.4101
19.8500,-12.9500,1.4225,1.4225
19.8000,-13.0000,1.4225,1.4225
19.7500,-13.0500,1.4101,1.4101
19.7500,-13.1000,1.4225,1.4225
19.7000,-13.1500,1.4325,1.4325
19.6500,-13.2000,1.4225,1.4225
19.6500,-13.2500,1.4101,1.4101
19.6000,-13.3000,1.4225,1.4225
19.5500,-13.3500,1.4225,1.4225
19.5500,-13.4000,1.4101,1.4101
19.5000,-13.4500,1.4225,1.4225
19.4500,-13.5000,1.4325,1.4325
19.4000,-13.5500,1.4225,1.4225
19.4000,-13.6000,1.4225,1.4225
19.3500,-13.6500,1.4325,1.4325
19.3000,-13.7000,1.4225,1.4225
19.3000,-13.7500,1.4101,1.4101
19.2500,-13.8000,1.4225,1.4225
19.2000,-13.8500,1.4225,1.4225
19.1500,-13.9000,1.4101,1.4101
19.1500,-13.9500,1.4225,1.4225
19.1000,-14.0000,1.4325,1.4325
19.0500,-14.0500,1.4225,1.4225
19.0500,-14.1000,1.4101,1.4101
19.0000,-14.1500,1.4225,1.4225
18.9500,-14.2000,1.4325,1.4325
18.9500,-14.2500,1.4101,1.4101
18.9000,-14.3000,1.4225,1.4225
18.8500,-14.3500,1.4378,1.4378
18.8000,-14.4000,1.4508,1.4508
18.7500,-14.4500,1.4621,1.4621
18.7000,-14.5000,1.4651,1.4651
18.6500,-14.5500,1.4711,1.4711
18.6000,-14.5500,1.4401,1.4401
18.5500,-14.6000,1.4508,1.4508
18.5000,-14.6000,1.4225,1.4225
18.4500,-14.6500,1.4378,1.4378
18.4000,-14.6500,1.4125,1.4125
18.3500,-14.7000,1.4325,1.4325
18.3000,-14.7000,1.4101,1.4101
18.2500,-14.7000,1.3890,1.3890
18.2000,-14.7500,1.4155,1.4155
18.1500,-14.7500,1.3977,1.3977
18.1000,-14.8000,1.4286,1.4286
18.0500,-14.8000,1.4140,1.4140
18.0000,-14.8000,1.4008,1.4008
17.9500,-14.8500,1.4378,1.4378
17.9000,-14.8500,1.4279,1.4279
17.8500,-14.9000,1.4688,1.4688
17.8000,-14.9000,1.4621,1.4621
17.7500,-14.9000,1.4568,1.4568
17.7000,-14.9000,1.4530,1.4530
17.6500,-14.9000,1.4508,1.4508
17.6000,-14.8500,1.4000,1.4000
17.5500,-14.8500,1.4008,1.4008
17.5000,-14.8500,1.4031,1.4031
17.4500,-14.8000,1.3572,1.3572
17.4000,-14.8000,1.3628,1.3628
17.3500,-14.8000,1.3700,1.3700
17.3000,-14.7500,1.3297,1.3297
17.2500,-14.7500,1.3403,1.3403
17.2000,-14.7500,1.3524,1.3524
17.1500,-14.7000,1.3182,1.3182
17.1000,-14.7000,1.3338,1.3338
17.0500,-14.7000,1.3508,1.3508
17.0000,-14.6500,1.3232,1.3232
16.9500,-14.6500,1.3435,1.3435
16.9000,-14.6500,1.3652,1.3652
16.8500,-14.6000,1.3443,1.3443
16.8000,-14.6000,1.3692,1.3692
16.7500,-14.6000,1.3953,1.3953
16.7000,-14.5500,1.3811,1.3811
16.6500,-14.5500,1.4101,1.4101
16.6000,-14.5500,1.4401,1.4401
16.5500,-14.5000,1.4325,1.4325
16.5000,-14.5000,1.4263,1.4263
16.4500,-14.4500,1.4263,1.4263
16.4000,-14.4000,1.4263,1.4263
16.3500,-14.3500,1.4263,1.4263
16.3000,-14.3000,1.4263,1.4263
16.2500,-14.2500,1.4263,1.4263
16.2000,-14.2000,1.4263,1.4263
16.1500,-14.1500,1.4263,1.4263
16.1000,-14.1000,1.4263,1.4263
16.0500,-14.0500,1.4263,1.4263
16.0000,-14.0000,1.4263,1.4263
15.9500,-13.9500,1.4263,1.4263
15.9000,-13.9000,1.4263,1.4263
15.8500,-13.8500,1.4263,1.4263
15.8000,-13.8000,1.4263,1.4263
15.7500,-13.7500,1.4263,1.4263
15.7000,-13.7000,1.4263,1.4263
15.6500,-13.6500,1.4263,1.4263
15.6000,-13.6000,1.4263,1.4263
15.5500,-13.5500,1.4263,1.4263
15.5000,-13.5000,1.4263,1.4263
15.4500,-13.4500,1.4263,1.4263
15.4000,-13.4000,1.4263,1.4263
15.3500,-13.3500,1.4263,1.4263
15.3000,-13.3000,1.4263,1.4263
15.2500,-13.2500,1.4263,1.4263
15.2000,-13.2000,1.4263,1.4263
15.1500,-13.1500,1.4263,1.4263
15.1000,-13.1000,1.4263,1.4263
15.0500,-13.0500,1.4263,1.4263
15.0000,-13.0000,1.4263,1.4263
14.9500,-12.9500,1.4263,1.4263
14.9000,-12.9000,1.4263,1.4263
14.8500,-12.8500,1.4263,1.4263
14.8000,-12.8000,1.4263,1.4263
14.7500,-12.7500,1.4263,1.4263
14.7000,-12.7000,1.4263,1.4263
14.6500,-12.6500,1.4263,1.4263
14.6000,-12.6000,1.4263,1.4263
14.5500,-12.5500,1.4263,1.4263
14.5000,-12.5000,1.4263,1.4263
14.4500,-12.4500,1.4263,1.4263
14.4000,-12.4000,1.4263,1.4263
14.3500,-12.3500,1.4263,1.4263
14.3000,-12.3000,1.4263,1.4263
14.2500,-12.2500,1.4263,1.4263
14.2000,-12.2000,1.4263,1.4263
14.1500,-12.1500,1.4263,1.4263
14.1000,-12.1000,1.4263,1.4263
14.0500,-12.0500,1.4263,1.4263
14.0000,-12.0000,1.4263,1.4263
13.9500,-11.9500,1.4263,1.4263
13.9000,-11.9000,1.4263,1.4263
13.8500,-11.8500,1.4263,1.4263
13.8000,-11.8000,1.4263,1.4263
13.7500,-11.7500,1.4263,1.4263
13.7000,-11.7000,1.4263,1.4263
13.6500,-11.6500,1.4263,1.4263
13.6000,-11.6000,1.4263,1.4263
13.5500,-11.5500,1.4263,1.4263
13.5000,-11.5000,1.4263,1.4263
13.4500,-11.4500,1.4263,1.4263
13.4000,-11.4000,1.4263,1.4263
13.3500,-11.3500,1.4263,1.4263
13.3000,-11.3000,1.4279,1.4279
13.2500,-11.2500,1.4325,1.4325
13.2000,-11.2500,1.4008,1.4008
13.1500,-11.2000,1.4101,1.4101
13.1000,-11.2000,1.3811,1.3811
13.0500,-11.2000,1.3532,1.3532
13.0000,-11.1500,1.3692,1.3692
12.9500,-11.1500,1.3443,1.3443
12.9000,-11.1500,1.3207,1.3207
12.8500,-11.1000,1.3435,1.3435
12.8000,-11.1000,1.3232,1.3232
12.7500,-11.1000,1.3042,1.3042
12.7000,-11.0500,1.3338,1.3338
12.6500,-11.0500,1.3182,1.3182
12.6000,-11.0500,1.3042,1.3042
12.5500,-11.0000,1.3403,1.3403
12.5000,-11.0000,1.3297,1.3297
12.4500,-11.0000,1.3207,1.3207
12.4000,-10.9500,1.3628,1.3628
12.3500,-10.9500,1.3572,1.3572
12.3000,-10.9500,1.3532,1.3532
12.2500,-10.9500,1.3508,1.3508
12.2000,-10.9500,1.3500,1.3500
12.1500,-10.9500,1.3500,1.3500
12.1000,-10.9500,1.3500,1.3500
12.0500,-10.9500,1.3500,1.3500
12.0000,-10.9500,1.3500,1.3500
11.9500,-10.9500,1.3500,1.3500
11.9000,-10.9500,1.3500,1.3500
11.8500,-10.9500,1.3500,1.3500
11.8000,-10.9500,1.3500,1.3500
11.7500,-10.9500,1.3508,1.3508
11.7000,-10.9500,1.3532,1.3532
11.6500,-10.9500,1.3572,1.3572
11.6000,-10.9500,1.3628,1.3628
11.5500,-10.9500,1.3700,1.3700
11.5000,-10.9500,1.3788,1.3788
11.4500,-10.9500,1.3890,1.3890
11.4000,-10.9500,1.4000,1.4000
11.3500,-10.9500,1.4000,1.4000
11.3000,-10.9500,1.4000,1.4000
11.2500,-10.9500,1.4000,1.4000
11.2000,-10.9500,1.4008,1.4008
11.1500,-10.9500,1.4031,1.4031
11.1000,-10.9000,1.3572,1.3572
11.0500,-10.8500,1.3033,1.3033
11.0000,-10.8000,1.2509,1.2509
10.9500,-10.7500,1.2000,1.2000
10.9000,-10.7000,1.1500,1.1500
10.8500,-10.6500,1.1000,1.1000
10.8000,-10.6000,1.0500,1.0500
10.7500,-10.5500,1.0000,1.0000
10.7000,-10.5000,0.9500,0.9500
10.6500,-10.4500,0.9000,0.9000
10.6000,-10.4500,0.9000,0.9000
10.5500,-10.4500,0.9000,0.9000
10.5000,-10.4000,0.8500,0.8500
10.4500,-10.4000,0.8500,0.8500
10.4000,-10.4000,0.8500,0.8500
10.3500,-10.4000,0.8500,0.8500
10.3000,-10.4000,0.8500,0.8500
10.2500,-10.4000,0.8500,0.8500
10.2000,-10.4000,0.8500,0.8500
10.1500,-10.4000,0.8500,0.8500
10.1000,-10.4000,0.8500,0.8500
10.0500,-10.4000,0.8500,0.8500
10.0000,-10.4000,0.8500,0.8500
9.9500,-10.3500,0.8000,0.8000
9.9000,-10.3500,0.8000,0.8000
9.8500,-10.3500,0.8000,0.8000
9.8000,-10.3500,0.8000,0.8000
9.7500,-10.3500,0.8000,0.8000
9.7000,-10.3500,0.8000,0.8000
9.6500,-10.3500,0.8000,0.8000
9.6000,-10.3500,0.8000,0.8000
9.5500,-10.3500,0.8000,0.8000
9.5000,-10.3500,0.8000,0.8000
9.4500,-10.3500,0.8000,0.8000
9.4000,-10.3000,0.7500,0.7500
9.3500,-10.3000,0.7500,0.7500
9.3000,-10.2500,0.7000,0.7000
9.2500,-10.2500,0.7000,0.7000
9.2000,-10.2000,0.6500,0.6500
9.1500,-10.2000,0.6500,0.6500
9.1000,-10.2000,0.6500,0.6500
9.0500,-10.1500,0.6000,0.6000
9.0000,-10.1500,0.6000,0.6000
8.9500,-10.1500,0.6000,0.6000
8.9000,-10.1500,0.6000,0.6000
8.8500,-10.1500,0.6016,0.6016
8.8000,-10.1500,0.6062,0.6062
8.7500,-10.1500,0.6139,0.6139
8.7000,-10.1500,0.6246,0.6246
8.6500,-10.1500,0.6382,0.6382
8.6000,-10.1500,0.6246,0.6246
8.5500,-10.1500,0.6139,0.6139
8.5000,-10.1500,0.6062,0.6062
8.4500,-10.1500,0.6016,0.6016
8.4000,-10.1500,0.6000,0.6000
8.3500,-10.1500,0.6000,0.6000
8.3000,-10.1500,0.6000,0.6000
8.2500,-10.1000,0.6139,0.6139
8.2000,-10.1000,0.6246,0.6246
8.1500,-10.1000,0.6139,0.6139
8.1000,-10.1000,0.6062,0.6062
8.0500,-10.1000,0.6016,0.6016
8.0000,-10.1000,0.6000,0.6000
7.9500,-10.1000,0.6000,0.6000
7.9000,-10.1000,0.6000,0.6000
7.8500,-10.1000,0.5906,0.5906
7.8000,-10.0500,0.6246,0.6246
7.7500,-10.0500,0.6139,0.6139
7.7000,-10.0500,0.6062,0.6062
7.6500,-10.0500,0.6016,0.6016
7.6000,-10.0500,0.6000,0.6000
7.5500,-10.0500,0.6000,0.6000
7.5000,-10.0500,0.6000,0.6000
7.4500,-10.0500,0.5906,0.5906
7.4000,-10.0500,0.5762,0.5762
7.3500,-10.0000,0.6139,0.6139
7.3000,-10.0000,0.6062,0.6062
7.2500,-10.0000,0.6016,0.6016
7.2000,-10.0000,0.6000,0.6000
7.1500,-10.0000,0.6000,0.6000
7.1000,-10.0000,0.6016,0.6016
7.0500,-10.0000,0.6062,0.6062
7.0000,-10.0000,0.6139,0.6139
6.9500,-10.0000,0.6246,0.6246
6.9000,-10.0000,0.6382,0.6382
6.8500,-10.0000,0.6544,0.6544
6.8000,-10.0000,0.6732,0.6732
6.7500,-10.0000,0.6944,0.6944
6.7000,-10.0000,0.7179,0.7179
6.6500,-9.9500,0.7220,0.7220
6.6000,-9.9500,0.7341,0.7341
6.5500,-9.9500,0.7487,0.7487
6.5000,-9.9500,0.7552,0.7552
6.4500,-9.9500,0.7618,0.7618
6.4000,-9.9500,0.7708,0.7708
6.3500,-9.9500,0.7823,0.7823
6.3000,-10.0000,0.8000,0.8000
6.2500,-10.0500,0.7500,0.7500
6.2000,-10.0500,0.7500,0.7500
6.1500,-10.0500,0.7500,0.7500
6.1000,-10.0500,0.7500,0.7500
6.0500,-10.0500,0.7500,0.7500
6.0000,-10.0000,0.8012,0.8012
5.9500,-10.0000,0.8050,0.8050
5.9000,-10.0000,0.8112,0.8112
5.8500,-10.0000,0.8198,0.8198
5.8000,-10.0000,0.8308,0.8308
5.7500,-10.0000,0.8440,0.8440
5.7000,-10.0000,0.8595,0.8595
5.6500,-10.0000,0.8770,0.8770
5.6000,-10.0000,0.8966,0.8966
5.5500,-10.0000,0.9180,0.9180
5.5000,-9.9500,0.9853,0.9853
5.4500,-9.9500,1.0021,1.0021
5.4000,-9.9500,1.0176,1.0176
5.3500,-9.9500,1.0349,1.0349
5.3000,-9.9500,1.0500,1.0500
5.2500,-9.9500,1.0649,1.0649
5.2000,-9.9500,1.0748,1.0748
5.1500,-9.9500,1.0855,1.0855
5.1000,-9.9500,1.0981,1.0981
5.0500,-9.9500,1.1124,1.1124
5.0000,-9.9500,1.1285,1.1285
4.9500,-9.9500,1.1463,1.1463
4.9000,-10.0000,1.2080,1.2080
4.8500,-10.0000,1.2230,1.2230
4.8000,-10.0500,1.2866,1.2866
4.7500,-10.1000,1.3508,1.3508
4.7000,-10.1000,1.3660,1.3660
4.6500,-10.1000,1.3811,1.3811
4.6000,-10.1000,1.3977,1.3977
4.5500,-10.1000,1.4140,1.4140
4.5000,-10.1000,1.4286,1.4286
4.4500,-10.1000,1.4140,1.4140
4.4000,-10.0500,1.4140,1.4140
4.3500,-10.0500,1.4286,1.4286
4.3000,-10.0500,1.4279,1.4279
4.2500,-10.0000,1.4140,1.4140
4.2000,-10.0000,1.4286,1.4286
4.1500,-10.0000,1.4286,1.4286
4.1000,-9.9500,1.4140,1.4140
4.0500,-9.9500,1.4286,1.4286
4.0000,-9.9500,1.4155,1.4155
3.9500,-9.9000,1.4140,1.4140
3.9000,-9.9000,1.4286,1.4286
3.8500,-9.9000,1.4140,1.4140
3.8000,-9.8500,1.4140,1.4140
3.7500,-9.8500,1.4286,1.4286
3.7000,-9.8500,1.4140,1.4140
3.6500,-9.8000,1.4140,1.4140
3.6000,-9.8000,1.4008,1.4008
3.5500,-9.8000,1.3508,1.3508
3.5000,-9.7500,1.3000,1.3000
3.4500,-9.7500,1.2500,1.2500
3.4000,-9.7000,1.2009,1.2009
3.3500,-9.7000,1.1509,1.1509
3.3000,-9.6500,1.1038,1.1038
3.2500,-9.6000,1.0590,1.0590
3.2000,-9.5500,1.0166,1.0166
3.2000,-9.5000,1.0258,1.0258
3.1500,-9.4500,0.9885,0.9885
3.1500,-9.4000,1.0021,1.0021
3.1000,-9.3500,0.9705,0.9705
3.1000,-9.3000,0.9885,0.9885
3.0500,-9.2500,0.9597,0.9597
3.0500,-9.2000,0.9543,0.9543
3.0500,-9.1500,0.9511,0.9511
3.0000,-9.1000,0.9000,0.9000
3.0000,-9.0500,0.9000,0.9000
3.0000,-9.0000,0.9011,0.9011
2.9500,-8.9500,0.8548,0.8548
2.9500,-8.9000,0.8607,0.8607
2.9500,-8.8500,0.8689,0.8689
2.9500,-8.8000,0.8794,0.8794
2.9000,-8.7500,0.8440,0.8440
2.9000,-8.7000,0.8308,0.8308
2.9000,-8.6500,0.8198,0.8198
2.9000,-8.6000,0.8112,0.8112
2.9000,-8.5500,0.8050,0.8050
2.9000,-8.5000,0.8012,0.8012
2.9000,-8.4500,0.8000,0.8000
2.9000,-8.4000,0.8000,0.8000
2.9000,-8.3500,0.8000,0.8000
2.9000,-8.3000,0.8012,0.8012
2.9000,-8.2500,0.8050,0.8050
2.9000,-8.2000,0.8112,0.8112
2.9000,-8.1500,0.8198,0.8198
2.9000,-8.1000,0.8308,0.8308
2.9000,-8.0500,0.8440,0.8440
2.9000,-8.0000,0.8440,0.8440
2.9000,-7.9500,0.8308,0.8308
2.9000,-7.9000,0.8198,0.8198
2.9000,-7.8500,0.8112,0.8112
2.9000,-7.8000,0.8050,0.8050
2.9000,-7.7500,0.8012,0.8012
2.9000,-7.7000,0.8000,0.8000
2.9000,-7.6500,0.8000,0.8000
2.9000,-7.6000,0.8012,0.8012
2.9000,-7.5500,0.8050,0.8050
2.9000,-7.5000,0.8112,0.8112
2.9000,-7.4500,0.8198,0.8198
2.9000,-7.4000,0.8308,0.8308
2.9000,-7.3500,0.8440,0.8440
2.9000,-7.3000,0.8440,0.8440
2.9500,-7.2500,0.8794,0.8794
2.9500,-7.2000,0.8689,0.8689
2.9500,-7.1500,0.8607,0.8607
3.0000,-7.1000,0.9045,0.9045
3.0000,-7.0500,0.9011,0.9011
3.0500,-7.0000,0.9500,0.9500
3.1000,-6.9500,1.0010,1.0010
3.1500,-6.9000,1.0540,1.0540
3.1500,-6.8500,1.0590,1.0590
3.2000,-6.8000,1.1153,1.1153
3.2500,-6.7500,1.1730,1.1730
3.3000,-6.7000,1.2318,1.2318
3.3500,-6.6500,1.2916,1.2916
3.4000,-6.6000,1.3297,1.3297
3.4500,-6.6000,1.3788,1.3788
3.5000,-6.6000,1.4140,1.4140
3.5500,-6.6000,1.4008,1.4008
3.6000,-6.6000,1.3890,1.3890
3.6500,-6.5500,1.4279,1.4279
3.7000,-6.5500,1.4194,1.4194
3.7500,-6.5500,1.4125,1.4125
3.8000,-6.5500,1.4070,1.4070
3.8500,-6.5500,1.4031,1.4031
3.9000,-6.5500,1.4008,1.4008
3.9500,-6.5000,1.4279,1.4279
4.0000,-6.5000,1.4279,1.4279
4.0500,-6.5000,1.4194,1.4194
4.1000,-6.5000,1.4125,1.4125
4.1500,-6.5000,1.4070,1.4070
4.2000,-6.5000,1.4031,1.4031
4.2500,-6.5000,1.4008,1.4008
4.3000,-6.4500,1.4378,1.4378
4.3500,-6.4500,1.4279,1.4279
4.4000,-6.4500,1.4194,1.4194
4.4500,-6.4500,1.4125,1.4125
4.5000,-6.4500,1.4070,1.4070
4.5500,-6.4500,1.4008,1.4008
4.6000,-6.4500,1.3890,1.3890
4.6500,-6.4000,1.4279,1.4279
4.7000,-6.4000,1.4194,1.4194
4.7500,-6.4000,1.4125,1.4125
4.8000,-6.4000,1.4070,1.4070
4.8500,-6.4000,1.4031,1.4031
4.9000,-6.4000,1.4008,1.4008
4.9500,-6.3500,1.4279,1.4279
5.0000,-6.3500,1.4279,1.4279
5.0500,-6.3500,1.4194,1.4194
5.1000,-6.3500,1.4125,1.4125
5.1500,-6.3500,1.4070,1.4070
5.2000,-6.3500,1.4031,1.4031
5.2500,-6.3000,1.4279,1.4279
5.3000,-6.3000,1.4378,1.4378
5.3500,-6.3000,1.4279,1.4279
5.4000,-6.3000,1.4194,1.4194
5.4500,-6.3000,1.4125,1.4125
5.5000,-6.3000,1.4070,1.4070
5.5500,-6.3000,1.4031,1.4031
5.6000,-6.2500,1.4279,1.4279
5.6500,-6.2500,1.4378,1.4378
5.7000,-6.2500,1.4279,1.4279
5.7500,-6.2500,1.4194,1.4194
5.8000,-6.2500,1.4125,1.4125
5.8500,-6.2500,1.4070,1.4070
5.9000,-6.2000,1.4194,1.4194
5.9500,-6.2000,1.4279,1.4279
6.0000,-6.2000,1.4279,1.4279
6.0500,-6.2000,1.4194,1.4194
6.1000,-6.2000,1.4125,1.4125
6.1500,-6.2000,1.4070,1.4070
6.2000,-6.1500,1.4194,1.4194
6.2500,-6.1500,1.4279,1.4279
6.3000,-6.1500,1.4279,1.4279
6.3500,-6.1500,1.4194,1.4194
6.4000,-6.1500,1.4125,1.4125
6.4500,-6.1000,1.4125,1.4125
6.5000,-6.1000,1.4194,1.4194
6.5500,-6.1000,1.4279,1.4279
6.6000,-6.1000,1.4279,1.4279
6.6500,-6.1000,1.4194,1.4194
6.7000,-6.1000,1.4125,1.4125
6.7500,-6.0500,1.4125,1.4125
6.8000,-6.0500,1.4194,1.4194
6.8500,-6.0500,1.4279,1.4279
6.9000,-6.0500,1.4279,1.4279
6.9500,-6.0500,1.4194,1.4194
7.0000,-6.0000,1.4070,1.4070
7.0500,-6.0000,1.4125,1.4125
7.1000,-6.0000,1.4194,1.4194
7.1500,-6.0000,1.4279,1.4279
7.2000,-6.0000,1.4279,1.4279
7.2500,-6.0000,1.4194,1.4194
7.3000,-5.9500,1.4125,1.4125
7.3500,-5.9500,1.4194,1.4194
7.4000,-5.9500,1.4279,1.4279
7.4500,-5.9500,1.4279,1.4279
7.5000,-5.9500,1.4194,1.4194
7.5500,-5.9000,1.4125,1.4125
7.6000,-5.9000,1.4194,1.4194
7.6500,-5.9000,1.4279,1.4279
7.7000,-5.9000,1.4378,1.4378
7.7500,-5.9000,1.4279,1.4279
7.8000,-5.9000,1.4194,1.4194
7.8500,-5.8500,1.4194,1.4194
7.9000,-5.8500,1.4279,1.4279
7.9500,-5.8500,1.4378,1.4378
8.0000,-5.8500,1.4279,1.4279
8.0500,-5.8500,1.4194,1.4194
8.1000,-5.8000,1.4194,1.4194
8.1500,-5.8000,1.4279,1.4279
8.2000,-5.8000,1.4378,1.4378
8.2500,-5.8000,1.4279,1.4279
8.3000,-5.8000,1.4140,1.4140
8.3500,-5.7500,1.4194,1.4194
8.4000,-5.7500,1.4279,1.4279
8.4500,-5.7500,1.4279,1.4279
8.5000,-5.7500,1.4194,1.4194
8.5500,-5.7000,1.4140,1.4140
8.6000,-5.7000,1.4279,1.4279
8.6500,-5.7000,1.4378,1.4378
8.7000,-5.7000,1.4279,1.4279
8.7500,-5.6500,1.4125,1.4125
8.8000,-5.6500,1.4194,1.4194
8.8500,-5.6500,1.4279,1.4279
8.9000,-5.6000,1.3890,1.3890
8.9500,-5.6000,1.4008,1.4008
9.0000,-5.6000,1.4140,1.4140
9.0500,-5.6000,1.4279,1.4279
9.1000,-5.6000,1.4279,1.4279
9.1500,-5.5500,1.4008,1.4008
9.2000,-5.5500,1.4140,1.4140
9.2500,-5.5500,1.4279,1.4279
9.3000,-5.5500,1.4279,1.4279
9.3500,-5.5000,1.4008,1.4008
9.4000,-5.5000,1.4140,1.4140
9.4500,-5.5000,1.4286,1.4286
9.5000,-5.5000,1.4279,1.4279
9.5500,-5.4500,1.4140,1.4140
9.6000,-5.4500,1.4279,1.4279
9.6500,-5.4500,1.4286,1.4286
9.7000,-5.4500,1.4140,1.4140
9.7500,-5.4000,1.4140,1.4140
9.8000,-5.4000,1.4286,1.4286
9.8500,-5.4000,1.4279,1.4279
9.9000,-5.3500,1.4140,1.4140
9.9500,-5.3500,1.4286,1.4286
10.0000,-5.3500,1.4286,1.4286
10.0500,-5.3000,1.4140,1.4140
10.1000,-5.3000,1.4286,1.4286
10.1500,-5.3000,1.4286,1.4286
10.2000,-5.2500,1.4140,1.4140
10.2500,-5.2500,1.4286,1.4286
10.3000,-5.2500,1.4286,1.4286
10.3500,-5.2000,1.4140,1.4140
10.4000,-5.2000,1.4286,1.4286
10.4500,-5.2000,1.4286,1.4286
10.5000,-5.1500,1.4140,1.4140
10.5500,-5.1500,1.4286,1.4286
10.6000,-5.1500,1.4286,1.4286
10.6500,-5.1000,1.4140,1.4140
10.7000,-5.1000,1.4286,1.4286
10.7500,-5.1000,1.4286,1.4286
10.8000,-5.0500,1.4155,1.4155
10.8500,-5.0500,1.4348,1.4348
10.9000,-5.0000,1.4101,1.4101
10.9500,-5.0000,1.4286,1.4286
11.0000,-5.0000,1.4286,1.4286
11.0500,-4.9500,1.4155,1.4155
11.1000,-4.9500,1.4325,1.4325
11.1500,-4.9000,1.4101,1.4101
11.2000,-4.9000,1.4325,1.4325
11.2500,-4.8500,1.4101,1.4101
11.3000,-4.8500,1.4325,1.4325
11.3500,-4.8500,1.4286,1.4286
11.4000,-4.8000,1.4325,1.4325
11.4500,-4.7500,1.4101,1.4101
11.5000,-4.7500,1.4325,1.4325
11.5500,-4.7500,1.4325,1.4325
11.6000,-4.7000,1.4325,1.4325
11.6500,-4.7000,1.4225,1.4225
11.7000,-4.6500,1.4325,1.4325
11.7500,-4.6500,1.4125,1.4125
11.8000,-4.6000,1.4325,1.4325
11.8500,-4.5500,1.4125,1.4125
11.9000,-4.5500,1.4325,1.4325
11.9500,-4.5000,1.4225,1.4225
12.0000,-4.5000,1.4225,1.4225
12.0500,-4.4500,1.4378,1.4378
12.1000,-4.4000,1.4225,1.4225
12.1500,-4.3500,1.4101,1.4101
12.2000,-4.3500,1.4325,1.4325
12.2500,-4.3000,1.4225,1.4225
12.3000,-4.2500,1.4101,1.4101
12.3500,-4.2500,1.4225,1.4225
12.4000,-4.2000,1.4279,1.4279
12.4500,-4.1500,1.4279,1.4279
12.5000,-4.1000,1.4263,1.4263
12.5500,-4.0500,1.4263,1.4263
12.6000,-4.0000,1.4279,1.4279
12.6500,-3.9500,1.4325,1.4325
12.6500,-3.9000,1.4008,1.4008
12.7000,-3.8500,1.4101,1.4101
12.7000,-3.8000,1.3811,1.3811
12.7000,-3.7500,1.3532,1.3532
12.7000,-3.7000,1.3264,1.3264
12.7500,-3.6500,1.3443,1.3443
12.7500,-3.6000,1.3207,1.3207
12.7500,-3.5500,1.2983,1.2983
12.8000,-3.5000,1.3232,1.3232
12.8000,-3.4500,1.3042,1.3042
12.8000,-3.4000,1.2866,1.2866
12.8000,-3.3500,1.2705,1.2705
12.8500,-3.3000,1.3042,1.3042
12.8500,-3.2500,1.2916,1.2916
12.8500,-3.2000,1.2807,1.2807
12.8500,-3.1500,1.2714,1.2714
12.9000,-3.1000,1.3133,1.3133
12.9000,-3.0500,1.3075,1.3075
12.9000,-3.0000,1.3033,1.3033
12.9000,-2.9500,1.3008,1.3008
12.9500,-2.9000,1.3500,1.3500
12.9500,-2.8500,1.3500,1.3500
12.9500,-2.8000,1.3508,1.3508
12.9500,-2.7500,1.3532,1.3532
12.9000,-2.7000,1.3075,1.3075
12.9000,-2.6500,1.3133,1.3133
12.9000,-2.6000,1.3207,1.3207
12.9000,-2.5500,1.3297,1.3297
12.9000,-2.5000,1.3403,1.3403
12.8500,-2.4500,1.3042,1.3042
12.8000,-2.4000,1.2705,1.2705
12.7500,-2.3500,1.2396,1.2396
12.7000,-2.3000,1.2116,1.2116
12.6500,-2.2500,1.1865,1.1865
12.6000,-2.2000,1.1285,1.1285
12.5500,-2.1500,1.0649,1.0649
12.5000,-2.1000,1.0021,1.0021
12.4500,-2.0500,0.9402,0.9402
12.4000,-2.0000,0.8794,0.8794
12.3500,-1.9500,0.8198,0.8198
12.3000,-1.9500,0.8112,0.8112
12.2500,-1.9500,0.8050,0.8050
12.2000,-1.9000,0.7513,0.7513
12.1500,-1.9000,0.7500,0.7500
12.1000,-1.9000,0.7500,0.7500
12.0500,-1.9000,0.7500,0.7500
12.0000,-1.9000,0.7513,0.7513
11.9500,-1.8500,0.7055,0.7055
11.9000,-1.8500,0.7124,0.7124
11.8500,-1.8500,0.7220,0.7220
11.8000,-1.8500,0.7341,0.7341
11.7500,-1.8500,0.7487,0.7487
11.7000,-1.8500,0.7618,0.7618
11.6500,-1.8000,0.7220,0.7220
11.6000,-1.8000,0.7341,0.7341
11.5500,-1.8000,0.7487,0.7487
11.5000,-1.8000,0.7552,0.7552
11.4500,-1.8000,0.7618,0.7618
11.4000,-1.7500,0.7220,0.7220
11.3500,-1.7500,0.7341,0.7341
11.3000,-1.7500,0.7487,0.7487
11.2500,-1.7500,0.7394,0.7394
11.2000,-1.7000,0.7220,0.7220
11.1500,-1.7000,0.7341,0.7341
11.1000,-1.7000,0.7341,0.7341
11.0500,-1.6500,0.7055,0.7055
11.0000,-1.6500,0.7124,0.7124
10.9500,-1.6500,0.7220,0.7220
10.9000,-1.6500,0.7192,0.7192
10.8500,-1.6000,0.7014,0.7014
10.8000,-1.6000,0.7124,0.7124
10.7500,-1.6000,0.7192,0.7192
10.7000,-1.6000,0.7014,0.7014
10.6500,-1.5500,0.7014,0.7014
10.6000,-1.5500,0.7192,0.7192
10.5500,-1.5500,0.7124,0.7124
10.5000,-1.5500,0.7014,0.7014
10.4500,-1.5000,0.7341,0.7341
10.4000,-1.5000,0.7220,0.7220
10.3500,-1.5000,0.7124,0.7124
10.3000,-1.5000,0.7014,0.7014
10.2500,-1.5000,0.6860,0.6860
10.2000,-1.4500,0.7220,0.7220
10.1500,-1.4500,0.7124,0.7124
10.1000,-1.4000,0.7487,0.7487
10.0500,-1.4000,0.7341,0.7341
10.0000,-1.3500,0.7708,0.7708
9.9500,-1.3000,0.8112,0.8112
9.9000,-1.2500,0.8548,0.8548
9.8500,-1.2000,0.8920,0.8920
9.8000,-1.1500,0.9281,0.9281
9.7500,-1.1000,0.9673,0.9673
9.7000,-1.0500,0.9500,0.9500
9.7000,-1.0000,0.9500,0.9500
9.7000,-0.9500,0.9500,0.9500
9.7000,-0.9000,0.9500,0.9500
9.7000,-0.8500,0.9511,0.9511
9.7000,-0.8000,0.9543,0.9543
9.7000,-0.7500,0.9543,0.9543
9.7000,-0.7000,0.9511,0.9511
9.7000,-0.6500,0.9500,0.9500
9.7000,-0.6000,0.9500,0.9500
9.7000,-0.5500,0.9500,0.9500
9.7000,-0.5000,0.9500,0.9500
9.7000,-0.4500,0.9500,0.9500
9.7000,-0.4000,0.9511,0.9511
9.7000,-0.3500,0.9543,0.9543
9.7000,-0.3000,0.9597,0.9597
9.6500,-0.2500,1.0166,1.0166
9.6000,-0.2000,1.0500,1.0500
9.6000,-0.1500,1.0021,1.0021
9.5500,-0.1000,0.9597,0.9597
9.5000,-0.0500,0.9180,0.9180
9.4500,-0.0500,0.9281,0.9281
9.4000,0.0000,0.8920,0.8920
9.3500,0.0500,0.8512,0.8512
9.3000,0.0500,0.8548,0.8548
9.2500,0.0500,0.8607,0.8607
9.2000,0.0500,0.8689,0.8689
9.1500,0.1000,0.8308,0.8308
9.1000,0.1000,0.8440,0.8440
9.0500,0.1000,0.8512,0.8512
9.0000,0.1000,0.8548,0.8548
8.9500,0.1000,0.8607,0.8607
8.9000,0.1500,0.8198,0.8198
8.8500,0.1500,0.8308,0.8308
8.8000,0.1500,0.8440,0.8440
8.7500,0.1500,0.8440,0.8440
8.7000,0.1500,0.8308,0.8308
8.6500,0.1500,0.8198,0.8198
8.6000,0.2000,0.8112,0.8112
8.5500,0.2000,0.8198,0.8198
8.5000,0.2000,0.8308,0.8308
8.4500,0.2000,0.8198,0.8198
8.4000,0.2000,0.8112,0.8112
8.3500,0.2500,0.8000,0.8000
8.3000,0.2500,0.8012,0.8012
8.2500,0.2500,0.8050,0.8050
8.2000,0.2500,0.8112,0.8112
8.1500,0.2500,0.8112,0.8112
8.1000,0.3000,0.7823,0.7823
8.0500,0.3000,0.7962,0.7962
8.0000,0.3000,0.8000,0.8000
7.9500,0.3000,0.8000,0.8000
7.9000,0.3000,0.8012,0.8012
7.8500,0.3000,0.7962,0.7962
7.8000,0.3000,0.7823,0.7823
7.7500,0.3000,0.7708,0.7708
7.7000,0.3000,0.7618,0.7618
7.6500,0.3000,0.7487,0.7487
7.6000,0.3000,0.7341,0.7341
7.5500,0.3500,0.7708,0.7708
7.5000,0.3500,0.7618,0.7618
7.4500,0.3500,0.7552,0.7552
7.4000,0.3500,0.7513,0.7513
7.3500,0.3500,0.7500,0.7500
7.3000,0.3500,0.7500,0.7500
7.2500,0.3500,0.7500,0.7500
7.2000,0.3500,0.7513,0.7513
7.1500,0.3500,0.7552,0.7552
7.1000,0.3500,0.7618,0.7618
7.0500,0.3500,0.7708,0.7708
7.0000,0.3500,0.7823,0.7823
6.9500,0.3500,0.7962,0.7962
6.9000,0.3500,0.8124,0.8124
6.8500,0.3500,0.8308,0.8308
6.8000,0.3500,0.8512,0.8512
6.7500,0.3500,0.8689,0.8689
6.7000,0.3500,0.8794,0.8794
6.6500,0.4000,0.8440,0.8440
6.6000,0.4000,0.8500,0.8500
6.5500,0.4000,0.8500,0.8500
6.5000,0.4000,0.8500,0.8500
6.4500,0.4000,0.8500,0.8500
6.4000,0.4000,0.8500,0.8500
6.3500,0.3500,0.9000,0.9000
6.3000,0.3500,0.9011,0.9011
6.2500,0.3500,0.9045,0.9045
6.2000,0.3000,0.9597,0.9597
6.1500,0.3000,0.9673,0.9673
6.1000,0.2500,1.0258,1.0258
6.0500,0.2000,1.0855,1.0855
6.0000,0.2000,1.0981,1.0981
5.9500,0.1500,1.1500,1.1500
5.9000,0.1000,1.2000,1.2000
5.8500,0.1000,1.2000,1.2000
5.8000,0.1000,1.2000,1.2000
5.7500,0.0500,1.2500,1.2500
5.7000,0.0000,1.3000,1.3000
5.6500,0.0000,1.3000,1.3000
5.6000,-0.0500,1.3500,1.3500
5.5500,-0.1000,1.4008,1.4008
5.5000,-0.1500,1.4125,1.4125
5.4500,-0.1500,1.4070,1.4070
5.4000,-0.1500,1.4031,1.4031
5.3500,-0.1500,1.4008,1.4008
5.3000,-0.1500,1.4000,1.4000
5.2500,-0.1500,1.4000,1.4000
5.2000,-0.1500,1.4000,1.4000
5.1500,-0.1500,1.4000,1.4000
5.1000,-0.1500,1.4000,1.4000
5.0500,-0.1500,1.4000,1.4000
5.0000,-0.1500,1.4000,1.4000
4.9500,-0.1500,1.4000,1.4000
4.9000,-0.1000,1.4500,1.4500
4.8500,-0.1000,1.4500,1.4500
4.8000,-0.1000,1.4492,1.4492
4.7500,-0.1000,1.4378,1.4378
4.7000,-0.1000,1.4279,1.4279
4.6500,-0.1000,1.4194,1.4194
4.6000,-0.1000,1.4125,1.4125
4.5500,-0.1000,1.4070,1.4070
4.5000,-0.1000,1.4031,1.4031
4.4500,-0.1000,1.4008,1.4008
4.4000,-0.1000,1.4000,1.4000
4.3500,-0.1000,1.4000,1.4000
4.3000,-0.1000,1.4000,1.4000
4.2500,-0.1000,1.4000,1.4000
4.2000,-0.1000,1.4000,1.4000
4.1500,-0.0500,1.4500,1.4500
4.1000,-0.0500,1.4500,1.4500
4.0500,-0.0500,1.4500,1.4500
4.0000,-0.0500,1.4500,1.4500
3.9500,-0.0500,1.4500,1.4500
3.9000,-0.0500,1.4500,1.4500
3.8500,-0.0500,1.4500,1.4500
3.8000,-0.0500,1.4500,1.4500
3.7500,-0.0500,1.4500,1.4500
3.7000,-0.0500,1.4500,1.4500
3.6500,-0.0500,1.4500,1.4500
3.6000,-0.0500,1.4500,1.4500
3.5500,-0.0500,1.4500,1.4500
3.5000,-0.0500,1.4500,1.4500
3.4500,-0.0500,1.4500,1.4500
3.4000,-0.0500,1.4500,1.4500
3.3500,-0.0500,1.4492,1.4492
3.3000,-0.0500,1.4378,1.4378
3.2500,-0.0500,1.4279,1.4279
3.2000,-0.0500,1.4194,1.4194
3.1500,-0.0500,1.4125,1.4125
3.1000,-0.0500,1.4070,1.4070
3.0500,-0.0500,1.4031,1.4031
3.0000,-0.0500,1.4008,1.4008
2.9500,-0.0500,1.4000,1.4000
2.9000,-0.0500,1.4000,1.4000
2.8500,-0.0500,1.4000,1.4000
2.8000,-0.0500,1.4000,1.4000
2.7500,-0.0500,1.4000,1.4000
2.7000,-0.0500,1.4000,1.4000
2.6500,-0.0500,1.4000,1.4000
2.6000,-0.0500,1.4000,1.4000
2.5500,-0.0500,1.4000,1.4000
2.5000,-0.0500,1.4000,1.4000
2.4500,-0.0500,1.4000,1.4000
2.4000,-0.0500,1.4000,1.4000
2.3500,-0.0500,1.4000,1.4000
2.3000,-0.0500,1.4000,1.4000
2.2500,-0.0500,1.4000,1.4000
2.2000,-0.0500,1.4000,1.4000
2.1500,-0.0500,1.4000,1.4000
2.1000,-0.0500,1.4000,1.4000
2.0500,-0.0500,1.4000,1.4000
2.0000,-0.0500,1.4000,1.4000
1.9500,-0.0500,1.4000,1.4000
1.9000,-0.0500,1.4000,1.4000
1.8500,-0.0500,1.4000,1.4000
1.8000,-0.0500,1.4000,1.4000
1.7500,0.0000,1.4500,1.4500
1.7000,0.0000,1.4500,1.4500
1.6500,0.0000,1.4500,1.4500
1.6000,0.0000,1.4500,1.4500
1.5500,0.0000,1.4500,1.4500
1.5000,0.0000,1.4500,1.4500
1.4500,0.0000,1.4500,1.4500
1.4000,0.0000,1.4500,1.4500
1.3500,0.0000,1.4500,1.4500
1.3000,0.0000,1.4500,1.4500
1.2500,0.0000,1.4500,1.4500
1.2000,0.0000,1.4500,1.4500
1.1500,0.0000,1.4500,1.4500
1.1000,0.0000,1.4500,1.4500
1.0500,0.0000,1.4500,1.4500
1.0000,0.0000,1.4500,1.4500
0.9500,0.0000,1.4500,1.4500
0.9000,0.0000,1.4500,1.4500
0.8500,0.0000,1.4500,1.4500
0.8000,0.0000,1.4500,1.4500
0.7500,0.0000,1.4500,1.4500
0.7000,0.0000,1.4500,1.4500
0.6500,0.0000,1.4500,1.4500
0.6000,0.0000,1.4500,1.4500
0.5500,0.0000,1.4500,1.4500
0.5000,0.0000,1.4500,1.4500
0.4500,0.0000,1.4500,1.4500
0.4000,0.0000,1.4500,1.4500
0.3500,0.0000,1.4500,1.4500
0.3000,0.0000,1.4500,1.4500
0.2500,0.0000,1.4500,1.4500
0.2000,0.0000,1.4500,1.4500
0.1500,0.0000,1.4500,1.4500
0.1000,0.0000,1.4500,1.4500
0.0500,0.0000,1.4500,1.4500
0.0000,0.0000,1.4500,1.4500
-0.0500,0.0000,1.4500,1.4500
-0.1000,0.0000,1.4500,1.4500
-0.1500,0.0000,1.4500,1.4500
-0.2000,0.0000,1.4500,1.4500
-0.2500,0.0000,1.4500,1.4500
-0.3000,0.0000,1.4500,1.4500
-0.3500,0.0000,1.4500,1.4500
-0.4000,0.0000,1.4500,1.4500
-0.4500,0.0000,1.4500,1.4500
-0.5000,0.0000,1.4500,1.4500
-0.5500,0.0000,1.4500,1.4500
-0.6000,0.0000,1.4500,1.4500
-0.6500,0.0000,1.4500,1.4500
-0.7000,-0.0500,1.4000,1.4000
-0.7500,-0.0500,1.4000,1.4000
-0.8000,-0.0500,1.4000,1.4000
-0.8500,-0.0500,1.4000,1.4000
-0.9000,-0.0500,1.4000,1.4000
-0.9500,-0.0500,1.4000,1.4000
-1.0000,-0.0500,1.4000,1.4000
-1.0500,-0.0500,1.4000,1.4000
-1.1000,-0.0500,1.4000,1.4000
-1.1500,-0.0500,1.4000,1.4000
-1.2000,-0.0500,1.4000,1.4000
-1.2500,-0.0500,1.4000,1.4000
-1.3000,-0.0500,1.4000,1.4000
-1.3500,-0.0500,1.4000,1.4000
-1.4000,-0.0500,1.4000,1.4000
-1.4500,-0.0500,1.4000,1.4000
-1.5000,-0.0500,1.4000,1.4000
-1.5500,-0.0500,1.4000,1.4000
-1.6000,-0.0500,1.4000,1.4000
-1.6500,-0.0500,1.4000,1.4000
-1.7000,-0.0500,1.4000,1.4000
-1.7500,-0.0500,1.4000,1.4000
-1.8000,-0.0500,1.4008,1.4008
-1.8500,-0.0500,1.4031,1.4031
-1.9000,-0.0500,1.4070,1.4070
-1.9500,-0.0500,1.4125,1.4125
-2.0000,-0.0500,1.4194,1.4194
-2.0500,-0.0500,1.4279,1.4279
-2.1000,-0.0500,1.4378,1.4378
-2.1500,-0.0500,1.4492,1.4492
-2.2000,-0.0500,1.4500,1.4500
-2.2500,-0.0500,1.4500,1.4500
-2.3000,-0.0500,1.4500,1.4500
-2.3500,-0.0500,1.4500,1.4500
-2.4000,-0.0500,1.4500,1.4500
-2.4500,-0.0500,1.4500,1.4500
-2.5000,-0.0500,1.4500,1.4500
-2.5500,-0.0500,1.4500,1.4500
-2.6000,-0.0500,1.4500,1.4500
-2.6500,-0.0500,1.4500,1.4500
-2.7000,-0.0500,1.4500,1.4500
-2.7500,-0.0500,1.4500,1.4500
-2.8000,-0.0500,1.4500,1.4500
-2.8500,-0.0500,1.4500,1.4500
-2.9000,-0.0500,1.4500,1.4500
-2.9500,-0.0500,1.4500,1.4500
-3.0000,-0.0500,1.4500,1.4500
-3.0500,-0.0500,1.4500,1.4500
-3.1000,-0.0500,1.4500,1.4500
-3.1500,-0.0500,1.4500,1.4500
-3.2000,-0.0500,1.4500,1.4500
-3.2500,-0.1000,1.4000,1.4000
-3.3000,-0.1000,1.4000,1.4000
-3.3500,-0.1000,1.4000,1.4000
-3.4000,-0.1000,1.4000,1.4000
-3.4500,-0.1000,1.4000,1.4000
-3.5000,-0.1000,1.4008,1.4008
-3.5500,-0.1000,1.4031,1.4031
-3.6000,-0.1000,1.4070,1.4070
-3.6500,-0.1000,1.4125,1.4125
-3.7000,-0.1000,1.4194,1.4194
-3.7500,-0.1000,1.4279,1.4279
-3.8000,-0.1000,1.4378,1.4378
-3.8500,-0.1000,1.4492,1.4492
-3.9000,-0.1000,1.4500,1.4500
-3.9500,-0.1000,1.4500,1.4500
-4.0000,-0.1000,1.4500,1.4500
-4.0500,-0.1000,1.4500,1.4500
-4.1000,-0.1000,1.4500,1.4500
-4.1500,-0.1000,1.4500,1.4500
-4.2000,-0.1000,1.4500,1.4500
-4.2500,-0.1000,1.4500,1.4500
-4.3000,-0.1000,1.4500,1.4500
-4.3500,-0.1000,1.4500,1.4500
-4.4000,-0.1000,1.4500,1.4500
-4.4500,-0.1000,1.4500,1.4500
-4.5000,-0.1000,1.4500,1.4500
-4.5500,-0.1000,1.4500,1.4500
-4.6000,-0.1000,1.4492,1.4492
-4.6500,-0.1500,1.4000,1.4000
-4.7000,-0.1500,1.4008,1.4008
-4.7500,-0.1500,1.4031,1.4031
-4.8000,-0.1500,1.4070,1.4070
-4.8500,-0.1500,1.4125,1.4125
-4.9000,-0.1500,1.4194,1.4194
-4.9500,-0.1500,1.4279,1.4279
-5.0000,-0.1500,1.4378,1.4378
-5.0500,-0.1500,1.4492,1.4492
-5.1000,-0.1500,1.4500,1.4500
-5.1500,-0.1500,1.4500,1.4500
-5.2000,-0.1500,1.4500,1.4500
-5.2500,-0.1500,1.4500,1.4500
-5.3000,-0.1500,1.4500,1.4500
-5.3500,-0.1500,1.4500,1.4500
-5.4000,-0.1500,1.4500,1.4500
-5.4500,-0.1500,1.4500,1.4500
-5.5000,-0.2000,1.4008,1.4008
-5.5500,-0.2000,1.4031,1.4031
-5.6000,-0.2000,1.4070,1.4070
-5.6500,-0.2000,1.4125,1.4125
-5.7000,-0.2000,1.4194,1.4194
-5.7500,-0.2000,1.4279,1.4279
-5.8000,-0.2000,1.4378,1.4378
-5.8500,-0.2000,1.4492,1.4492
-5.9000,-0.2000,1.4568,1.4568
-5.9500,-0.2000,1.4530,1.4530
-6.0000,-0.2000,1.4508,1.4508
-6.0500,-0.2000,1.4500,1.4500
-6.1000,-0.2000,1.4500,1.4500
-6.1500,-0.2000,1.4500,1.4500
-6.2000,-0.2000,1.4500,1.4500
-6.2500,-0.2500,1.5000,1.5000
-6.3000,-0.2500,1.5000,1.5000
-6.3500,-0.2500,1.5000,1.5000
-6.4000,-0.2500,1.5000,1.5000
-6.4500,-0.2500,1.5000,1.5000
-6.5000,-0.2500,1.4978,1.4978
-6.5500,-0.2500,1.4867,1.4867
-6.6000,-0.2500,1.4771,1.4771
-6.6500,-0.2500,1.4688,1.4688
-6.7000,-0.2500,1.4621,1.4621
-6.7500,-0.2500,1.4568,1.4568
-6.8000,-0.2500,1.4530,1.4530
-6.8500,-0.2500,1.4508,1.4508
-6.9000,-0.2500,1.4500,1.4500
-6.9500,-0.3000,1.5000,1.5000
-7.0000,-0.3000,1.5000,1.5000
-7.0500,-0.3500,1.5000,1.5000
-7.1000,-0.4000,1.4500,1.4500
-7.1000,-0.4500,1.4500,1.4500
-7.1000,-0.5000,1.4500,1.4500
-7.1000,-0.5500,1.4500,1.4500
-7.1000,-0.6000,1.4500,1.4500
-7.1000,-0.6500,1.4500,1.4500
-7.1000,-0.7000,1.4500,1.4500
-7.1000,-0.7500,1.4500,1.4500
-7.1000,-0.8000,1.4500,1.4500
-7.1000,-0.8500,1.4500,1.4500
-7.1000,-0.9000,1.4500,1.4500
-7.1000,-0.9500,1.4500,1.4500
-7.1000,-1.0000,1.4500,1.4500
-7.1000,-1.0500,1.4500,1.4500
-7.1000,-1.1000,1.4500,1.4500
-7.1000,-1.1500,1.4500,1.4500
-7.1000,-1.2000,1.4500,1.4500
-7.1000,-1.2500,1.4500,1.4500
-7.1000,-1.3000,1.4500,1.4500
-7.1000,-1.3500,1.4500,1.4500
-7.1000,-1.4000,1.4500,1.4500
-7.1000,-1.4500,1.4500,1.4500
-7.1000,-1.5000,1.4500,1.4500
-7.1000,-1.5500,1.4500,1.4500
-7.1000,-1.6000,1.4500,1.4500
-7.1000,-1.6500,1.4500,1.4500
-7.1000,-1.7000,1.4500,1.4500
-7.1000,-1.7500,1.4500,1.4500
-7.1000,-1.8000,1.4500,1.4500
-7.1000,-1.8500,1.4500,1.4500
-7.1000,-1.9000,1.4500,1.4500
-7.1000,-1.9500,1.4500,1.4500
-7.1000,-2.0000,1.4500,1.4500
-7.1000,-2.0500,1.4500,1.4500
-7.1000,-2.1000,1.4500,1.4500
-7.1000,-2.1500,1.4500,1.4500
-7.1000,-2.2000,1.4500,1.4500
-7.1000,-2.2500,1.4500,1.4500
-7.1000,-2.3000,1.4500,1.4500
-7.1000,-2.3500,1.4500,1.4500
-7.1000,-2.4000,1.4500,1.4500
-7.1000,-2.4500,1.4500,1.4500
-7.1000,-2.5000,1.4500,1.4500
-7.1000,-2.5500,1.4500,1.4500
-7.1000,-2.6000,1.4500,1.4500
-7.1000,-2.6500,1.4500,1.4500
-7.1500,-2.7000,1.4000,1.4000
-7.2000,-2.7500,1.3508,1.3508
-7.2500,-2.8000,1.3033,1.3033
-7.3000,-2.8500,1.2577,1.2577
-7.3500,-2.9000,1.2142,1.2142
-7.4000,-2.9500,1.1730,1.1730
-7.4500,-3.0000,1.1342,1.1342
-7.5000,-3.0500,1.0981,1.0981
-7.5500,-3.1000,1.0500,1.0500
-7.6000,-3.1500,1.0000,1.0000
-7.6500,-3.2000,0.9500,0.9500
-7.7000,-3.2500,0.9000,0.9000
-7.7500,-3.3000,0.8500,0.8500
-7.8000,-3.3500,0.8000,0.8000
-7.8500,-3.4000,0.7500,0.7500
-7.9000,-3.4500,0.7000,0.7000
-7.9000,-3.5000,0.7000,0.7000
-7.9000,-3.5500,0.7000,0.7000
-7.9500,-3.6000,0.6500,0.6500
-7.9500,-3.6500,0.6500,0.6500
-7.9500,-3.7000,0.6500,0.6500
-7.9500,-3.7500,0.6382,0.6382
-7.9500,-3.8000,0.6246,0.6246
-7.9500,-3.8500,0.6139,0.6139
-7.9500,-3.9000,0.6062,0.6062
-7.9500,-3.9500,0.6016,0.6016
-7.9500,-4.0000,0.6000,0.6000
-7.9500,-4.0500,0.6000,0.6000
-7.9500,-4.1000,0.6000,0.6000
-7.9500,-4.1500,0.6000,0.6000
-7.9500,-4.2000,0.6000,0.6000
-7.9500,-4.2500,0.6000,0.6000
-7.9500,-4.3000,0.6000,0.6000
-7.9500,-4.3500,0.6000,0.6000
-7.9500,-4.4000,0.6000,0.6000
-7.9500,-4.4500,0.6000,0.6000
-7.9500,-4.5000,0.6000,0.6000
-7.9500,-4.5500,0.6000,0.6000
-7.9500,-4.6000,0.6000,0.6000
-7.9500,-4.6500,0.6000,0.6000
-7.9500,-4.7000,0.6000,0.6000
-7.9500,-4.7500,0.6000,0.6000
-7.9500,-4.8000,0.6000,0.6000
-7.9500,-4.8500,0.6000,0.6000
-7.9500,-4.9000,0.6000,0.6000
-7.9500,-4.9500,0.6000,0.6000
-7.9500,-5.0000,0.6000,0.6000
-7.9500,-5.0500,0.6000,0.6000
-7.9500,-5.1000,0.6000,0.6000
-7.9500,-5.1500,0.6000,0.6000
-7.9500,-5.2000,0.6000,0.6000
-7.9500,-5.2500,0.6000,0.6000
-7.9500,-5.3000,0.6000,0.6000
-7.9500,-5.3500,0.6000,0.6000
-7.9500,-5.4000,0.6000,0.6000
-7.9500,-5.4500,0.6000,0.6000
-7.9500,-5.5000,0.6000,0.6000
-7.9500,-5.5500,0.6000,0.6000
-7.9500,-5.6000,0.6000,0.6000
-7.9500,-5.6500,0.6000,0.6000
-7.9500,-5.7000,0.6000,0.6000
-7.9500,-5.7500,0.6000,0.6000
-7.9000,-5.8000,0.6500,0.6500
-7.9000,-5.8500,0.6500,0.6500
-7.9000,-5.9000,0.6500,0.6500
-7.8500,-5.9500,0.7000,0.7000
-7.8500,-6.0000,0.7000,0.7000
-7.8000,-6.0500,0.7500,0.7500
-7.7500,-6.1000,0.8000,0.8000
-7.7000,-6.1500,0.8500,0.8500
-7.6500,-6.2000,0.9000,0.9000
-7.6000,-6.2500,0.9500,0.9500
-7.5500,-6.3000,1.0000,1.0000
-7.5000,-6.3500,1.0500,1.0500
-7.4500,-6.4000,1.1000,1.1000
-7.4000,-6.4500,1.1500,1.1500
-7.3500,-6.5000,1.2000,1.2000
-7.3000,-6.5500,1.2500,1.2500
-7.2500,-6.6000,1.3000,1.3000
-7.2000,-6.6000,1.3500,1.3500
-7.1500,-6.6500,1.4000,1.4000
-7.1000,-6.7000,1.4500,1.4500
-7.1000,-6.7500,1.4500,1.4500
-7.1000,-6.8000,1.4500,1.4500
-7.1000,-6.8500,1.4500,1.4500
-7.1000,-6.9000,1.4500,1.4500
-7.1000,-6.9500,1.4500,1.4500
-7.1000,-7.0000,1.4500,1.4500
-7.1000,-7.0500,1.4500,1.4500
-7.1000,-7.1000,1.4500,1.4500
-7.1000,-7.1500,1.4500,1.4500
-7.1000,-7.2000,1.4500,1.4500
-7.1000,-7.2500,1.4500,1.4500
-7.1000,-7.3000,1.4500,1.4500
-7.1000,-7.3500,1.4500,1.4500
-7.1000,-7.4000,1.4500,1.4500
-7.1000,-7.4500,1.4500,1.4500
-7.1000,-7.5000,1.4500,1.4500
-7.1000,-7.5500,1.4500,1.4500
-7.1000,-7.6000,1.4500,1.4500
-7.1000,-7.6500,1.4492,1.4492
-7.1000,-7.7000,1.4378,1.4378
-7.1000,-7.7500,1.4279,1.4279
-7.1000,-7.8000,1.4194,1.4194
-7.1000,-7.8500,1.4125,1.4125
-7.1000,-7.9000,1.4070,1.4070
-7.1000,-7.9500,1.4031,1.4031
-7.1000,-8.0000,1.4008,1.4008
-7.1000,-8.0500,1.4000,1.4000
-7.1000,-8.1000,1.4000,1.4000
-7.1000,-8.1500,1.4000,1.4000
-7.1000,-8.2000,1.4000,1.4000
-7.1000,-8.2500,1.4000,1.4000
-7.1000,-8.3000,1.4000,1.4000
-7.1000,-8.3500,1.4000,1.4000
-7.0500,-8.4000,1.4000,1.4000
-7.0000,-8.4500,1.3500,1.3500
-6.9500,-8.5000,1.3000,1.3000
-6.9000,-8.5500,1.2509,1.2509
-6.8500,-8.6000,1.2036,1.2036
-6.8000,-8.6500,1.1583,1.1583
-6.7500,-8.7000,1.1153,1.1153
-6.7000,-8.7500,1.0748,1.0748
-6.6500,-8.8000,1.0369,1.0369
-6.6000,-8.8500,1.0000,1.0000
-6.5500,-8.9000,0.9500,0.9500
-6.5000,-8.9500,0.9000,0.9000
-6.4500,-9.0000,0.8500,0.8500
-6.4000,-9.0500,0.8000,0.8000
-6.3500,-9.1000,0.7500,0.7500
-6.3000,-9.1500,0.7000,0.7000
-6.2500,-9.2000,0.6500,0.6500
-6.2500,-9.2500,0.6500,0.6500
-6.2000,-9.3000,0.6000,0.6000
-6.2000,-9.3500,0.6000,0.6000
-6.2000,-9.4000,0.6000,0.6000
-6.2000,-9.4500,0.6000,0.6000
-6.2000,-9.5000,0.6000,0.6000
-6.2000,-9.5500,0.6000,0.6000
-6.2000,-9.6000,0.6000,0.6000
-6.2000,-9.6500,0.6000,0.6000
-6.2000,-9.7000,0.6000,0.6000
-6.2000,-9.7500,0.5906,0.5906
-6.2000,-9.8000,0.5762,0.5762
-6.2000,-9.8500,0.5649,0.5649
-6.2000,-9.9000,0.5566,0.5566
-6.2000,-9.9500,0.5517,0.5517
-6.2000,-10.0000,0.5500,0.5500
-6.2000,-10.0500,0.5500,0.5500
-6.2000,-10.1000,0.5500,0.5500
-6.2000,-10.1500,0.5500,0.5500
-6.2000,-10.2000,0.5500,0.5500
-6.2000,-10.2500,0.5500,0.5500
-6.2000,-10.3000,0.5500,0.5500
-6.1500,-10.3500,0.6000,0.6000
-6.1500,-10.4000,0.6000,0.6000
-6.1500,-10.4500,0.6000,0.6000
-6.1500,-10.5000,0.6000,0.6000
-6.1500,-10.5500,0.6000,0.6000
-6.1500,-10.6000,0.6000,0.6000
-6.1500,-10.6500,0.6000,0.6000
-6.1500,-10.7000,0.6000,0.6000
-6.1500,-10.7500,0.6000,0.6000
-6.1500,-10.8000,0.6000,0.6000
-6.1500,-10.8500,0.6000,0.6000
-6.1500,-10.9000,0.6000,0.6000
-6.1500,-10.9500,0.6000,0.6000
-6.1500,-11.0000,0.6000,0.6000
-6.1500,-11.0500,0.6000,0.6000
-6.1500,-11.1000,0.6000,0.6000
-6.1500,-11.1500,0.6000,0.6000
-6.1500,-11.2000,0.6000,0.6000
-6.1500,-11.2500,0.6000,0.6000
-6.1500,-11.3000,0.6016,0.6016
-6.1500,-11.3500,0.6062,0.6062
-6.1500,-11.4000,0.6139,0.6139
-6.2000,-11.4500,0.6732,0.6732
-6.2000,-11.5000,0.6860,0.6860
-6.2000,-11.5500,0.7000,0.7000
-6.2500,-11.6000,0.7500,0.7500
-6.2500,-11.6500,0.7500,0.7500
-6.3000,-11.7000,0.8000,0.8000
-6.3500,-11.7500,0.8500,0.8500
-6.4000,-11.8000,0.9000,0.9000
-6.4500,-11.8500,0.9500,0.9500
-6.5000,-11.9000,1.0000,1.0000
-6.5500,-11.9500,1.0500,1.0500
-6.6000,-12.0000,1.0981,1.0981
-6.6500,-12.0500,1.1342,1.1342
-6.7000,-12.1000,1.1730,1.1730
-6.7500,-12.1500,1.2142,1.2142
-6.8000,-12.2000,1.2577,1.2577
-6.8500,-12.2500,1.3033,1.3033
-6.9000,-12.3000,1.3508,1.3508
-6.9500,-12.3500,1.4000,1.4000
-6.9500,-12.4000,1.4279,1.4279
-6.9500,-12.4500,1.4194,1.4194
-6.9500,-12.5000,1.4125,1.4125
-6.9500,-12.5500,1.4070,1.4070
-6.9500,-12.6000,1.4031,1.4031
-6.9500,-12.6500,1.4008,1.4008
-6.9000,-12.7000,1.4125,1.4125
-6.9000,-12.7500,1.4194,1.4194
-6.9000,-12.8000,1.4279,1.4279
-6.9000,-12.8500,1.4378,1.4378
-6.9000,-12.9000,1.4492,1.4492
-6.9000,-12.9500,1.4500,1.4500
-6.9000,-13.0000,1.4500,1.4500
-6.9000,-13.0500,1.4500,1.4500
-6.9000,-13.1000,1.4500,1.4500
-6.9000,-13.1500,1.4031,1.4031
-6.9500,-13.2000,1.3572,1.3572
-7.0000,-13.2500,1.3133,1.3133
-7.0500,-13.3000,1.2714,1.2714
-7.1000,-13.3500,1.2318,1.2318
-7.1500,-13.4000,1.1946,1.1946
-7.2000,-13.4500,1.1500,1.1500
-7.2500,-13.5000,1.0981,1.0981
-7.3000,-13.5500,1.0369,1.0369
-7.3500,-13.6000,0.9769,0.9769
-7.4000,-13.6500,0.9180,0.9180
-7.4500,-13.7000,0.8607,0.8607
-7.5000,-13.7500,0.8050,0.8050
-7.5500,-13.8000,0.7513,0.7513
-7.6000,-13.8500,0.7000,0.7000
-7.6000,-13.9000,0.7000,0.7000
-7.6000,-13.9500,0.7000,0.7000
-7.6500,-14.0000,0.6500,0.6500
-7.6500,-14.0500,0.6500,0.6500
-7.6500,-14.1000,0.6500,0.6500
-7.6500,-14.1500,0.6500,0.6500
-7.6500,-14.2000,0.6500,0.6500
-7.6500,-14.2500,0.6500,0.6500
-7.6500,-14.3000,0.6500,0.6500
-7.6500,-14.3500,0.6500,0.6500
-7.6500,-14.4000,0.6500,0.6500
-7.6500,-14.4500,0.6500,0.6500
-7.6500,-14.5000,0.6382,0.6382
-7.6500,-14.5500,0.6246,0.6246
-7.6500,-14.6000,0.6139,0.6139
-7.6500,-14.6500,0.6062,0.6062
-7.6500,-14.7000,0.6016,0.6016
-7.6500,-14.7500,0.6000,0.6000
-7.6500,-14.8000,0.6000,0.6000
-7.6500,-14.8500,0.6000,0.6000
-7.6500,-14.9000,0.6000,0.6000
-7.6000,-14.9500,0.6000,0.6000
-7.6000,-15.0000,0.6000,0.6000
-7.6000,-15.0500,0.6000,0.6000
-7.6000,-15.1000,0.6000,0.6000
-7.6000,-15.1500,0.6000,0.6000
-7.6000,-15.2000,0.6000,0.6000
-7.6000,-15.2500,0.6000,0.6000
-7.6000,-15.3000,0.6000,0.6000
-7.6000,-15.3500,0.6000,0.6000
-7.6000,-15.4000,0.6000,0.6000
-7.6000,-15.4500,0.6000,0.6000
-7.6000,-15.5000,0.6016,0.6016
-7.6000,-15.5500,0.6016,0.6016
-7.6000,-15.6000,0.6000,0.6000
-7.6000,-15.6500,0.6000,0.6000
-7.6000,-15.7000,0.6000,0.6000
-7.6000,-15.7500,0.6000,0.6000
-7.6000,-15.8000,0.6000,0.6000
-7.6000,-15.8500,0.6000,0.6000
-7.6000,-15.9000,0.6000,0.6000
-7.6000,-15.9500,0.6000,0.6000
-7.6000,-16.0000,0.6000,0.6000
-7.6000,-16.0500,0.6000,0.6000
-7.5500,-16.1000,0.6382,0.6382
-7.5500,-16.1500,0.6246,0.6246
-7.5500,-16.2000,0.6139,0.6139
-7.5000,-16.2500,0.6559,0.6559
-7.5000,-16.3000,0.6515,0.6515
-7.4500,-16.3500,0.7000,0.7000
-7.4000,-16.4000,0.7500,0.7500
-7.3500,-16.4500,0.8000,0.8000
-7.3000,-16.5000,0.8500,0.8500
-7.2500,-16.5500,0.9000,0.9000
-7.2000,-16.6000,0.9500,0.9500
-7.1500,-16.6500,1.0000,1.0000
-7.1000,-16.6500,1.0369,1.0369
-7.0500,-16.7000,1.0748,1.0748
-7.0000,-16.7500,1.1153,1.1153
-6.9500,-16.8000,1.1583,1.1583
-6.9000,-16.8500,1.2036,1.2036
-6.8500,-16.9000,1.2509,1.2509
-6.8000,-16.9500,1.3000,1.3000
-6.7500,-16.9500,1.3000,1.3000
-6.7000,-17.0000,1.3500,1.3500
-6.6500,-17.0500,1.4000,1.4000
-6.6500,-17.1000,1.4194,1.4194
-6.6500,-17.1500,1.4279,1.4279
-6.6500,-17.2000,1.4378,1.4378
-6.6500,-17.2500,1.4492,1.4492
-6.6500,-17.3000,1.4500,1.4500
-6.6500,-17.3500,1.4492,1.4492
-6.6500,-17.4000,1.4378,1.4378
-6.6500,-17.4500,1.4279,1.4279
-6.6500,-17.5000,1.4194,1.4194
-6.6500,-17.5500,1.4125,1.4125
-6.6000,-17.6000,1.4031,1.4031
-6.6000,-17.6500,1.4070,1.4070
-6.6000,-17.7000,1.4125,1.4125
-6.6000,-17.7500,1.4194,1.4194
-6.6000,-17.8000,1.4279,1.4279
-6.6000,-17.8500,1.4378,1.4378
-6.6000,-17.9000,1.4492,1.4492
-6.6000,-17.9500,1.4500,1.4500
-6.6000,-18.0000,1.4492,1.4492
-6.6000,-18.0500,1.4378,1.4378
-6.6000,-18.1000,1.4279,1.4279
-6.6000,-18.1500,1.4194,1.4194
-6.6000,-18.2000,1.4125,1.4125
-6.5500,-18.2500,1.4031,1.4031
-6.5500,-18.3000,1.4070,1.4070
-6.5500,-18.3500,1.4125,1.4125
-6.5500,-18.4000,1.4194,1.4194
-6.5500,-18.4500,1.4279,1.4279
-6.5500,-18.5000,1.4378,1.4378
-6.5500,-18.5500,1.4492,1.4492
-6.5500,-18.6000,1.4378,1.4378
-6.5500,-18.6500,1.4279,1.4279
-6.5500,-18.7000,1.4194,1.4194
-6.5500,-18.7500,1.4125,1.4125
-6.5500,-18.8000,1.4070,1.4070
-6.5500,-18.8500,1.4031,1.4031
-6.5000,-18.9000,1.4125,1.4125
-6.5000,-18.9500,1.4194,1.4194
-6.5000,-19.0000,1.4279,1.4279
-6.5000,-19.0500,1.4378,1.4378
-6.5000,-19.1000,1.4378,1.4378
-6.5000,-19.1500,1.4279,1.4279
-6.5000,-19.2000,1.4194,1.4194
-6.5000,-19.2500,1.4125,1.4125
-6.5000,-19.3000,1.4070,1.4070
-6.4500,-19.3500,1.4125,1.4125
-6.4500,-19.4000,1.4194,1.4194
-6.4500,-19.4500,1.4279,1.4279
-6.4500,-19.5000,1.4378,1.4378
-6.4500,-19.5500,1.4492,1.4492
-6.4500,-19.6000,1.4378,1.4378
-6.4500,-19.6500,1.4279,1.4279
-6.4000,-19.7000,1.4031,1.4031
-6.4000,-19.7500,1.4070,1.4070
-6.4000,-19.8000,1.4125,1.4125
-6.4000,-19.8500,1.4194,1.4194
-6.4000,-19.9000,1.4279,1.4279
-6.4000,-19.9500,1.4378,1.4378
-6.4000,-20.0000,1.4378,1.4378
-6.3500,-20.0500,1.4031,1.4031
-6.3500,-20.1000,1.4070,1.4070
-6.3500,-20.1500,1.4125,1.4125
-6.3500,-20.2000,1.4194,1.4194
-6.3500,-20.2500,1.4279,1.4279
-6.3500,-20.3000,1.4378,1.4378
-6.3500,-20.3500,1.4378,1.4378
-6.3500,-20.4000,1.4279,1.4279
-6.3500,-20.4500,1.4194,1.4194
-6.3000,-20.5000,1.4125,1.4125
-6.3000,-20.5500,1.4194,1.4194
-6.3000,-20.6000,1.4279,1.4279
-6.3000,-20.6500,1.4378,1.4378
-6.3000,-20.7000,1.4378,1.4378
-6.3000,-20.7500,1.4279,1.4279
-6.2500,-20.8000,1.4279,1.4279
-6.2500,-20.8500,1.4378,1.4378
-6.2500,-20.9000,1.4492,1.4492
-6.2500,-20.9500,1.4492,1.4492
-6.2000,-21.0000,1.4286,1.4286
-6.2000,-21.0500,1.4447,1.4447
-6.2000,-21.1000,1.4621,1.4621
-6.2000,-21.1500,1.4140,1.4140
-6.2000,-21.2000,1.3660,1.3660
-6.1500,-21.2500,1.3338,1.3338
-6.1000,-21.3000,1.3042,1.3042
-6.0500,-21.3500,1.2773,1.2773
-6.0000,-21.4000,1.2500,1.2500
-5.9500,-21.4500,1.2009,1.2009
-5.9000,-21.4500,1.2036,1.2036
-5.8500,-21.5000,1.1583,1.1583
-5.8000,-21.5500,1.1153,1.1153
-5.7500,-21.5500,1.1238,1.1238
-5.7000,-21.5500,1.1342,1.1342
-5.6500,-21.6000,1.0981,1.0981
-5.6000,-21.6500,1.0649,1.0649
-5.5500,-21.6500,1.0816,1.0816
-5.5000,-21.7000,1.0540,1.0540
-5.4500,-21.7000,1.0748,1.0748
-5.4000,-21.7000,1.0971,1.0971
-5.3500,-21.7000,1.1210,1.1210
-5.3000,-21.7000,1.1463,1.1463
-5.2500,-21.7000,1.1416,1.1416
-5.2000,-21.7000,1.1200,1.1200
-5.1500,-21.7000,1.1000,1.1000
-5.1000,-21.7000,1.0816,1.0816
-5.0500,-21.7000,1.0649,1.0649
-5.0000,-21.7000,1.0500,1.0500
-4.9500,-21.7000,1.0369,1.0369
-4.9000,-21.7000,1.0258,1.0258
-4.8500,-21.7500,1.0659,1.0659
-4.8000,-21.7500,1.0590,1.0590
-4.7500,-21.7500,1.0540,1.0540
-4.7000,-21.8000,1.1010,1.1010
-4.6500,-21.8000,1.1000,1.1000
-4.6000,-21.8000,1.1000,1.1000
-4.5500,-21.8000,1.1010,1.1010
-4.5000,-21.8000,1.1038,1.1038
-4.4500,-21.8000,1.1086,1.1086
-4.4000,-21.8000,1.1153,1.1153
-4.3500,-21.8000,1.1238,1.1238
-4.3000,-21.8000,1.1342,1.1342
-4.2500,-21.8000,1.1463,1.1463
-4.2000,-21.8000,1.1601,1.1601
-4.1500,-21.8000,1.1757,1.1757
-4.1000,-21.8000,1.1928,1.1928
-4.0500,-21.8500,1.2500,1.2500
-4.0000,-21.8500,1.2500,1.2500
-3.9500,-21.8500,1.2509,1.2509
-3.9000,-21.8500,1.2534,1.2534
-3.8500,-21.8500,1.2577,1.2577
-3.8000,-21.8500,1.2637,1.2637
-3.7500,-21.8500,1.2714,1.2714
-3.7000,-21.8500,1.2807,1.2807
-3.6500,-21.8500,1.2916,1.2916
-3.6000,-21.8500,1.3042,1.3042
-3.5500,-21.8000,1.3660,1.3660
-3.5000,-21.7500,1.4286,1.4286
-3.4500,-21.7000,1.4621,1.4621
-3.4000,-21.6500,1.4508,1.4508
-3.3500,-21.6000,1.4325,1.4325
-3.3500,-21.5500,1.4325,1.4325
-3.3000,-21.5000,1.4325,1.4325
-3.2500,-21.4500,1.4125,1.4125
-3.2500,-21.4000,1.4225,1.4225
-3.2000,-21.3500,1.4225,1.4225
-3.2000,-21.3000,1.4125,1.4125
-3.1500,-21.2500,1.4325,1.4325
-3.1500,-21.2000,1.4101,1.4101
-3.1000,-21.1500,1.4325,1.4325
-3.0500,-21.1000,1.4225,1.4225
-3.0500,-21.0500,1.4225,1.4225
-3.0000,-21.0000,1.4325,1.4325
-3.0000,-20.9500,1.4125,1.4125
-2.9500,-20.9000,1.4325,1.4325
-2.9000,-20.8500,1.4125,1.4125
-2.9000,-20.8000,1.4325,1.4325
-2.8500,-20.7500,1.4225,1.4225
-2.8500,-20.7000,1.4225,1.4225
-2.8000,-20.6500,1.4325,1.4325
-2.8000,-20.6000,1.4125,1.4125
-2.7500,-20.5500,1.4325,1.4325
-2.7000,-20.5000,1.4101,1.4101
-2.7000,-20.4500,1.4325,1.4325
-2.6500,-20.4000,1.4125,1.4125
-2.6500,-20.3500,1.4225,1.4225
-2.6000,-20.3000,1.4225,1.4225
-2.6000,-20.2500,1.4125,1.4125
-2.5500,-20.2000,1.4325,1.4325
-2.5500,-20.1500,1.4101,1.4101
-2.5000,-20.1000,1.4325,1.4325
-2.4500,-20.0500,1.4125,1.4125
-2.4500,-20.0000,1.4225,1.4225
-2.4000,-19.9500,1.4225,1.4225
-2.4000,-19.9000,1.4125,1.4125
-2.3500,-19.8500,1.4325,1.4325
-2.3500,-19.8000,1.4101,1.4101
-2.3000,-19.7500,1.4325,1.4325
-2.2500,-19.7000,1.4225,1.4225
-2.2500,-19.6500,1.4225,1.4225
-2.2000,-19.6000,1.4325,1.4325
-2.2000,-19.5500,1.4125,1.4125
-2.1500,-19.5000,1.4325,1.4325
-2.1000,-19.4500,1.4125,1.4125
-2.1000,-19.4000,1.4225,1.4225
-2.0500,-19.3500,1.4225,1.4225
-2.0500,-19.3000,1.4125,1.4125
-2.0000,-19.2500,1.4325,1.4325
-2.0000,-19.2000,1.4101,1.4101
-1.9500,-19.1500,1.4225,1.4225
-1.9000,-19.1000,1.4225,1.4225
-1.9000,-19.0500,1.4125,1.4125
-1.8500,-19.0000,1.4325,1.4325
-1.8500,-18.9500,1.4101,1.4101
-1.8000,-18.9000,1.4225,1.4225
-1.7500,-18.8500,1.4225,1.4225
-1.7500,-18.8000,1.4125,1.4125
-1.7000,-18.7500,1.4325,1.4325
-1.6500,-18.7000,1.4225,1.4225
-1.6500,-18.6500,1.4225,1.4225
-1.6000,-18.6000,1.4378,1.4378
-1.5500,-18.5500,1.4225,1.4225
-1.5500,-18.5000,1.4225,1.4225
-1.5000,-18.4500,1.4325,1.4325
-1.4500,-18.4000,1.4125,1.4125
-1.4500,-18.3500,1.4225,1.4225
-1.4000,-18.3000,1.4225,1.4225
-1.3500,-18.2500,1.4101,1.4101
-1.3500,-18.2000,1.4225,1.4225
-1.3000,-18.1500,1.4325,1.4325
-1.2500,-18.1000,1.4225,1.4225
-1.2500,-18.0500,1.4225,1.4225
-1.2000,-18.0000,1.4325,1.4325
-1.1500,-17.9500,1.4225,1.4225
-1.1000,-17.9000,1.4101,1.4101
-1.1000,-17.8500,1.4225,1.4225
-1.0500,-17.8000,1.4325,1.4325
-1.0000,-17.7500,1.4279,1.4279
-0.9500,-17.7000,1.4263,1.4263
-0.9500,-17.6500,1.4225,1.4225
-0.9000,-17.6000,1.4325,1.4325
-0.8500,-17.5500,1.4401,1.4401
-0.8000,-17.5000,1.4325,1.4325
-0.7500,-17.4500,1.4279,1.4279
-0.7000,-17.4000,1.4263,1.4263
-0.7000,-17.3500,1.4279,1.4279
-0.6500,-17.3000,1.4325,1.4325
-0.6000,-17.2500,1.4401,1.4401
-0.5500,-17.2500,1.4325,1.4325
-0.5000,-17.2000,1.4401,1.4401
-0.4500,-17.2000,1.4101,1.4101
-0.4000,-17.2000,1.3811,1.3811
-0.3500,-17.1500,1.3953,1.3953
-0.3000,-17.1500,1.3692,1.3692
-0.2500,-17.1500,1.3443,1.3443
-0.2000,-17.1000,1.3652,1.3652
-0.1500,-17.1000,1.3435,1.3435
-0.1000,-17.1000,1.3232,1.3232
-0.0500,-17.1000,1.3042,1.3042
0.0000,-17.0500,1.3338,1.3338
0.0500,-17.0500,1.3182,1.3182
0.1000,-17.0500,1.3042,1.3042
0.1500,-17.0000,1.3403,1.3403
0.2000,-17.0000,1.3297,1.3297
0.2500,-17.0000,1.3207,1.3207
0.3000,-17.0000,1.3133,1.3133
0.3500,-16.9500,1.3572,1.3572
0.4000,-16.9500,1.3532,1.3532
0.4500,-16.9500,1.3508,1.3508
0.5000,-16.9500,1.3500,1.3500
0.5500,-16.9000,1.4000,1.4000
0.6000,-16.9000,1.4008,1.4008
0.6500,-16.9500,1.3532,1.3532
0.7000,-16.9500,1.3572,1.3572
0.7500,-16.9500,1.3628,1.3628
0.8000,-16.9500,1.3700,1.3700
0.8500,-17.0000,1.3297,1.3297
0.9000,-17.0000,1.3403,1.3403
0.9500,-17.0000,1.3524,1.3524
1.0000,-17.0000,1.3660,1.3660
1.0500,-17.0500,1.3338,1.3338
1.1000,-17.0500,1.3508,1.3508
1.1500,-17.0500,1.3692,1.3692
1.2000,-17.1000,1.3435,1.3435
1.2500,-17.1000,1.3652,1.3652
1.3000,-17.1000,1.3882,1.3882
1.3500,-17.1500,1.3692,1.3692
1.4000,-17.1500,1.3953,1.3953
1.4500,-17.1500,1.4225,1.4225
1.5000,-17.2000,1.4101,1.4101
1.5500,-17.2000,1.4401,1.4401
1.6000,-17.2000,1.4711,1.4711
1.6500,-17.2500,1.4651,1.4651
1.7000,-17.3000,1.4621,1.4621
1.7500,-17.3500,1.4508,1.4508
1.7500,-17.4000,1.4279,1.4279
1.7500,-17.4500,1.3945,1.3945
1.7500,-17.5000,1.3620,1.3620
1.7500,-17.5500,1.3305,1.3305
1.7500,-17.6000,1.3000,1.3000
1.7500,-17.6500,1.2705,1.2705
1.7500,-17.7000,1.2422,1.2422
1.8000,-17.7500,1.1892,1.1892
1.8000,-17.8000,1.1647,1.1647
1.8000,-17.8500,1.1416,1.1416
1.8000,-17.9000,1.1200,1.1200
1.8000,-17.9500,1.1000,1.1000
1.8500,-18.0000,1.0349,1.0349
1.8500,-18.0500,1.0176,1.0176
1.8500,-18.1000,1.0021,1.0021
1.8500,-18.1500,0.9885,0.9885
1.8500,-18.2000,0.9705,0.9705
1.8500,-18.2500,0.9543,0.9543
1.9000,-18.3000,0.8920,0.8920
1.9000,-18.3500,0.8794,0.8794
1.9000,-18.4000,0.8689,0.8689
1.9000,-18.4500,0.8607,0.8607
1.9000,-18.5000,0.8548,0.8548
1.9000,-18.5500,0.8512,0.8512
1.9500,-18.6000,0.8000,0.8000
1.9500,-18.6500,0.8012,0.8012
1.9500,-18.7000,0.8050,0.8050
1.9500,-18.7500,0.8112,0.8112
1.9500,-18.8000,0.8198,0.8198
1.9500,-18.8500,0.8308,0.8308
1.9500,-18.9000,0.8440,0.8440
2.0000,-18.9500,0.8124,0.8124
2.0000,-19.0000,0.8308,0.8308
2.0000,-19.0500,0.8440,0.8440
2.0000,-19.1000,0.8595,0.8595
2.0000,-19.1500,0.8770,0.8770
2.0000,-19.2000,0.8770,0.8770
2.0000,-19.2500,0.8595,0.8595
2.0000,-19.3000,0.8440,0.8440
2.0500,-19.3500,0.8770,0.8770
2.0500,-19.4000,0.8595,0.8595
2.0500,-19.4500,0.8440,0.8440
2.1000,-19.5000,0.8770,0.8770
2.1000,-19.5500,0.8595,0.8595
2.1500,-19.6000,0.8920,0.8920
2.2000,-19.6500,0.9281,0.9281
2.2000,-19.7000,0.9180,0.9180
2.2000,-19.7500,0.9068,0.9068
2.2500,-19.8000,0.9000,0.9000
2.3000,-19.8500,0.8512,0.8512
2.3500,-19.9000,0.8050,0.8050
2.4000,-19.9000,0.8112,0.8112
2.4500,-19.9000,0.8198,0.8198
2.5000,-19.9000,0.8308,0.8308
2.5500,-19.9000,0.8440,0.8440
2.6000,-19.9000,0.8595,0.8595
2.6500,-19.9000,0.8770,0.8770
2.7000,-19.9000,0.8920,0.8920
2.7500,-19.9000,0.9068,0.9068
2.8000,-19.9000,0.8920,0.8920
2.8500,-19.9000,0.8794,0.8794
2.9000,-19.9000,0.8689,0.8689
2.9500,-19.9000,0.8607,0.8607
3.0000,-19.9000,0.8548,0.8548
3.0500,-19.9000,0.8512,0.8512
3.1000,-19.9000,0.8500,0.8500
3.1500,-19.9000,0.8500,0.8500
3.2000,-19.9000,0.8500,0.8500
3.2500,-19.9500,0.9000,0.9000
3.3000,-20.0000,0.9500,0.9500
3.3500,-20.0500,0.9543,0.9543
3.3500,-20.1000,0.9673,0.9673
3.4000,-20.1500,0.9281,0.9281
3.4000,-20.2000,0.9402,0.9402
3.4000,-20.2500,0.9543,0.9543
3.4500,-20.3000,0.9180,0.9180
3.4500,-20.3500,0.9281,0.9281
3.4500,-20.4000,0.9402,0.9402
3.4500,-20.4500,0.9413,0.9413
3.4500,-20.5000,0.9180,0.9180
3.5000,-20.5500,0.9281,0.9281
3.5000,-20.6000,0.9180,0.9180
3.5000,-20.6500,0.8966,0.8966
3.5000,-20.7000,0.8770,0.8770
3.5000,-20.7500,0.8595,0.8595
3.5000,-20.8000,0.8440,0.8440
3.5000,-20.8500,0.8308,0.8308
3.5000,-20.9000,0.8198,0.8198
3.5000,-20.9500,0.8112,0.8112
3.5500,-21.0000,0.8548,0.8548
3.5500,-21.0500,0.8512,0.8512
3.5500,-21.1000,0.8500,0.8500
3.5500,-21.1500,0.8500,0.8500
3.5500,-21.2000,0.8500,0.8500
3.5500,-21.2500,0.8500,0.8500
3.5500,-21.3000,0.8512,0.8512
3.5500,-21.3500,0.8548,0.8548
3.5500,-21.4000,0.8607,0.8607
3.6000,-21.4500,0.9180,0.9180
3.6000,-21.5000,0.9281,0.9281
3.6000,-21.5500,0.9402,0.9402
3.6000,-21.6000,0.9543,0.9543
3.6000,-21.6500,0.9705,0.9705
3.6000,-21.7000,0.9885,0.9885
3.6000,-21.7500,1.0083,1.0083
3.6000,-21.8000,1.0298,1.0298
3.6000,-21.8500,1.0530,1.0530
3.6000,-21.9000,1.0748,1.0748
3.6500,-21.9500,1.0981,1.0981
3.7000,-22.0000,1.0649,1.0649
3.7500,-22.0500,1.0349,1.0349
3.8000,-22.1000,0.9662,0.9662
3.8500,-22.1000,0.9413,0.9413
3.9000,-22.1500,0.8735,0.8735
3.9500,-22.2000,0.8062,0.8062
4.0000,-22.2000,0.7849,0.7849
4.0500,-22.2500,0.7192,0.7192
4.1000,-22.3000,0.6544,0.6544
4.1500,-22.3000,0.6382,0.6382
4.2000,-22.3000,0.6246,0.6246
4.2500,-22.3500,0.5649,0.5649
4.3000,-22.3500,0.5566,0.5566
4.3500,-22.3500,0.5517,0.5517
4.4000,-22.4000,0.5000,0.5000
4.4500,-22.4000,0.5000,0.5000
4.5000,-22.4000,0.5000,0.5000
4.5500,-22.4000,0.5000,0.5000
4.6000,-22.4000,0.5000,0.5000
4.6500,-22.4000,0.5000,0.5000
4.7000,-22.4000,0.5018,0.5018
4.7500,-22.4000,0.5071,0.5071
4.8000,-22.4000,0.5159,0.5159
4.8500,-22.4000,0.5280,0.5280
4.9000,-22.4000,0.5433,0.5433
4.9500,-22.4000,0.5500,0.5500
5.0000,-22.4000,0.5517,0.5517
5.0500,-22.4000,0.5566,0.5566
5.1000,-22.4000,0.5649,0.5649
5.1500,-22.4000,0.5762,0.5762
5.2000,-22.4000,0.5906,0.5906
5.2500,-22.4000,0.6078,0.6078
5.3000,-22.4000,0.6276,0.6276
5.3500,-22.4500,0.6944,0.6944
5.4000,-22.4500,0.7179,0.7179
5.4500,-22.4500,0.7434,0.7434
5.5000,-22.5000,0.8124,0.8124
5.5500,-22.5000,0.8404,0.8404
5.6000,-22.5000,0.8700,0.8700
5.6500,-22.5000,0.9011,0.9011
5.7000,-22.5500,0.9045,0.9045
5.7500,-22.5500,0.8548,0.8548
5.8000,-22.6000,0.8112,0.8112
5.8000,-22.6500,0.8198,0.8198
5.8000,-22.7000,0.8308,0.8308
5.8000,-22.7500,0.8440,0.8440
5.8000,-22.8000,0.8595,0.8595
5.8000,-22.8500,0.8770,0.8770
5.8000,-22.9000,0.8920,0.8920
5.8000,-22.9500,0.8770,0.8770
5.8000,-23.0000,0.8595,0.8595
5.8000,-23.0500,0.8440,0.8440
5.8000,-23.1000,0.8308,0.8308
5.8000,-23.1500,0.8198,0.8198
5.8000,-23.2000,0.8112,0.8112
5.8000,-23.2500,0.8050,0.8050
5.8000,-23.3000,0.8012,0.8012
5.8000,-23.3500,0.8000,0.8000
5.8000,-23.4000,0.8000,0.8000
5.8500,-23.4500,0.8512,0.8512
5.8500,-23.5000,0.8548,0.8548
5.8500,-23.5500,0.8607,0.8607
5.9000,-23.6000,0.9180,0.9180
5.9500,-23.6500,0.9769,0.9769
6.0000,-23.6500,1.0258,1.0258
6.0500,-23.6500,1.0748,1.0748
6.1000,-23.6500,1.0903,1.0903
6.1500,-23.6000,1.0500,1.0500
6.2000,-23.6000,1.0207,1.0207
6.2500,-23.6000,0.9853,0.9853
6.3000,-23.6000,0.9413,0.9413
6.3500,-23.5500,0.8977,0.8977
6.4000,-23.5500,0.8735,0.8735
6.4500,-23.5000,0.8062,0.8062
6.5000,-23.5000,0.7849,0.7849
6.5500,-23.4500,0.7179,0.7179
6.6000,-23.4500,0.6944,0.6944
6.6500,-23.4000,0.6276,0.6276
6.7000,-23.4000,0.6078,0.6078
6.7500,-23.3500,0.5433,0.5433
6.8000,-23.3500,0.5280,0.5280
6.8500,-23.3000,0.4671,0.4671
6.9000,-23.3000,0.4576,0.4576
6.9500,-23.3000,0.4519,0.4519
7.0000,-23.2500,0.4000,0.4000
7.0500,-23.2500,0.4000,0.4000
7.1000,-23.2000,0.3500,0.3500
7.1500,-23.2000,0.3500,0.3500
7.2000,-23.1500,0.3025,0.3025
7.2500,-23.1500,0.3099,0.3099
7.3000,-23.1000,0.2743,0.2743
7.3500,-23.1000,0.2717,0.2717
7.4000,-23.0500,0.2610,0.2610
7.4500,-23.0000,0.2472,0.2472
7.5000,-22.9500,0.2272,0.2272
7.5000,-22.9000,0.1905,0.1905
7.5500,-22.8500,0.1905,0.1905
7.6000,-22.8000,0.1905,0.1905
7.6500,-22.7500,0.1808,0.1808
7.6500,-22.7000,0.1808,0.1808
7.7000,-22.6500,0.1905,0.1905
7.7000,-22.6000,0.1808,0.1808
7.7000,-22.5500,0.1640,0.1640
7.7500,-22.5000,0.2031,0.2031
7.7500,-22.4500,0.2000,0.2000
7.7500,-22.4000,0.2000,0.2000
7.7500,-22.3500,0.2000,0.2000
7.7500,-22.3000,0.2000,0.2000
7.8000,-22.2500,0.2528,0.2528
7.8000,-22.2000,0.2610,0.2610
7.8000,-22.1500,0.2743,0.2743
7.8000,-22.1000,0.2924,0.2924
7.8500,-22.0500,0.3590,0.3590
7.8500,-22.0000,0.3831,0.3831
7.8500,-21.9500,0.4042,0.4042
7.8500,-21.9000,0.4265,0.4265
7.8500,-21.8500,0.4519,0.4519
7.8500,-21.8000,0.4801,0.4801
7.8500,-21.7500,0.5106,0.5106
7.8500,-21.7000,0.5382,0.5382
7.8500,-21.6500,0.5616,0.5616
7.8500,-21.6000,0.5826,0.5826
7.8500,-21.5500,0.6062,0.6062
7.8500,-21.5000,0.6322,0.6322
7.8000,-21.4500,0.6902,0.6902
7.8000,-21.4000,0.7301,0.7301
7.8000,-21.3500,0.7605,0.7605
7.8000,-21.3000,0.7862,0.7862
7.7500,-21.2500,0.8296,0.8296
7.7000,-21.2000,0.8512,0.8512
7.6500,-21.1500,0.8735,0.8735
7.6000,-21.1000,0.8966,0.8966
7.5500,-21.0500,0.9236,0.9236
7.5000,-21.0000,0.9543,0.9543
7.5000,-20.9500,1.0021,1.0021
7.5000,-20.9000,0.9769,0.9769
7.5500,-20.8500,0.9402,0.9402
7.6000,-20.8500,0.9543,0.9543
7.6500,-20.8500,0.9705,0.9705
7.7000,-20.8000,0.9424,0.9424
7.7500,-20.8000,0.9630,0.9630
7.8000,-20.7500,0.9413,0.9413
7.8500,-20.7500,0.9662,0.9662
7.9000,-20.7000,0.9511,0.9511
7.9500,-20.7000,0.9800,0.9800
8.0000,-20.6500,0.9715,0.9715
8.0500,-20.6000,0.9662,0.9662
8.1000,-20.5500,0.9511,0.9511
8.1500,-20.5000,0.9402,0.9402
8.2000,-20.4500,0.9236,0.9236
8.2000,-20.4000,0.9314,0.9314
8.2500,-20.3500,0.9336,0.9336
8.3000,-20.3000,0.9336,0.9336
8.3000,-20.2500,0.9102,0.9102
8.3000,-20.2000,0.8817,0.8817
8.3500,-20.1500,0.8977,0.8977
8.3500,-20.1000,0.8735,0.8735
8.3500,-20.0500,0.8512,0.8512
8.3500,-20.0000,0.8308,0.8308
8.4000,-19.9500,0.8595,0.8595
8.4000,-19.9000,0.8440,0.8440
8.4000,-19.8500,0.8308,0.8308
8.4000,-19.8000,0.8198,0.8198
8.4000,-19.7500,0.8112,0.8112
8.4000,-19.7000,0.8050,0.8050
8.4000,-19.6500,0.8012,0.8012
8.4000,-19.6000,0.8000,0.8000
8.4000,-19.5500,0.8000,0.8000
8.4000,-19.5000,0.8000,0.8000
8.4000,-19.4500,0.8000,0.8000
8.4000,-19.4000,0.8000,0.8000
8.4000,-19.3500,0.8000,0.8000
8.4000,-19.3000,0.8012,0.8012
8.4000,-19.2500,0.8050,0.8050
8.4000,-19.2000,0.8012,0.8012
8.4000,-19.1500,0.8000,0.8000
8.4000,-19.1000,0.8000,0.8000
8.4000,-19.0500,0.8000,0.8000
8.4000,-19.0000,0.8012,0.8012
8.4000,-18.9500,0.8050,0.8050
8.4000,-18.9000,0.8112,0.8112
8.4000,-18.8500,0.8198,0.8198
8.4000,-18.8000,0.8308,0.8308
8.4000,-18.7500,0.8440,0.8440
8.4000,-18.7000,0.8595,0.8595
8.4500,-18.6500,0.8308,0.8308
8.4500,-18.6000,0.8512,0.8512
8.4500,-18.5500,0.8735,0.8735
8.5000,-18.5000,0.8512,0.8512
8.5000,-18.4500,0.8735,0.8735
8.5000,-18.4000,0.8817,0.8817
8.5500,-18.3500,0.8700,0.8700
8.6000,-18.3000,0.8630,0.8630
8.6500,-18.2500,0.8548,0.8548
8.7000,-18.2000,0.8404,0.8404
8.7500,-18.1500,0.8296,0.8296
8.8000,-18.1500,0.8259,0.8259
8.8500,-18.1000,0.8259,0.8259
8.9000,-18.0500,0.8296,0.8296
8.9500,-18.0500,0.8000,0.8000
9.0000,-18.0000,0.8124,0.8124
9.0500,-18.0000,0.7862,0.7862
9.1000,-18.0000,0.7618,0.7618
9.1500,-18.0000,0.7394,0.7394
9.2000,-18.0000,0.7192,0.7192
9.2500,-17.9500,0.7487,0.7487
9.3000,-17.9500,0.7341,0.7341
9.3500,-17.9500,0.7220,0.7220
9.4000,-17.9500,0.7124,0.7124
9.4500,-17.9000,0.7552,0.7552
9.5000,-17.9000,0.7513,0.7513
9.5500,-17.9000,0.7500,0.7500
9.6000,-17.9000,0.7500,0.7500
9.6500,-17.9000,0.7500,0.7500
9.7000,-17.8500,0.8000,0.8000
9.7500,-17.8500,0.8000,0.8000
9.8000,-17.8500,0.8000,0.8000
9.8500,-17.8500,0.8012,0.8012
9.9000,-17.8500,0.8050,0.8050
9.9500,-17.8500,0.8112,0.8112
10.0000,-17.8000,0.8689,0.8689
10.0500,-17.8000,0.8794,0.8794
10.1000,-17.8000,0.8920,0.8920
10.1500,-17.8000,0.9068,0.9068
10.2000,-17.8000,0.9236,0.9236
10.2500,-17.8000,0.9424,0.9424
10.3000,-17.8000,0.9630,0.9630
10.3500,-17.7500,1.0000,1.0000
10.4000,-17.7500,1.0000,1.0000
10.4500,-17.7500,1.0000,1.0000
10.5000,-17.7500,1.0000,1.0000
10.5500,-17.7500,1.0000,1.0000
10.6000,-17.7500,1.0000,1.0000
10.6500,-17.8000,1.0500,1.0500
10.7000,-17.8000,1.0500,1.0500
10.7500,-17.8000,1.0500,1.0500
10.8000,-17.8500,1.0855,1.0855
10.8500,-17.8500,1.0748,1.0748
10.9000,-17.9000,1.1153,1.1153
10.9500,-17.9500,1.1583,1.1583
11.0000,-17.9500,1.1463,1.1463
11.0500,-18.0000,1.1829,1.1829
11.1000,-18.0500,1.2221,1.2221
11.1000,-18.1000,1.2603,1.2603
11.1500,-18.1500,1.2705,1.2705
11.1500,-18.2000,1.2422,1.2422
11.2000,-18.2500,1.2577,1.2577
11.2000,-18.3000,1.2327,1.2327
11.2500,-18.3500,1.2534,1.2534
11.2500,-18.4000,1.2318,1.2318
11.3000,-18.4500,1.2577,1.2577
11.3500,-18.4500,1.3042,1.3042
11.4000,-18.4500,1.3508,1.3508
11.4500,-18.5000,1.3435,1.3435
11.5000,-18.5000,1.3652,1.3652
11.5500,-18.5000,1.3882,1.3882
11.6000,-18.5000,1.4125,1.4125
11.6500,-18.5500,1.3953,1.3953
11.7000,-18.5500,1.4225,1.4225
11.7500,-18.6000,1.4101,1.4101
11.8000,-18.6000,1.4378,1.4378
11.8500,-18.6500,1.4225,1.4225
11.9000,-18.6500,1.4225,1.4225
11.9500,-18.7000,1.4378,1.4378
12.0000,-18.7500,1.4325,1.4325
12.0500,-18.8000,1.4225,1.4225
12.1000,-18.8500,1.4101,1.4101
12.1500,-18.8500,1.4325,1.4325
12.2000,-18.9000,1.4325,1.4325
12.2500,-18.9500,1.4279,1.4279
12.3000,-19.0000,1.4263,1.4263
12.3500,-19.0500,1.4263,1.4263
12.4000,-19.1000,1.4263,1.4263
12.4500,-19.1500,1.4263,1.4263
12.5000,-19.2000,1.4263,1.4263
12.5500,-19.2500,1.4263,1.4263
12.6000,-19.3000,1.4263,1.4263
12.6500,-19.3500,1.4263,1.4263
12.7000,-19.4000,1.4263,1.4263
12.7500,-19.4500,1.4263,1.4263
12.8000,-19.5000,1.4263,1.4263
12.8500,-19.5500,1.4263,1.4263
12.9000,-19.6000,1.4263,1.4263
12.9500,-19.6500,1.4263,1.4263
13.0000,-19.7000,1.4263,1.4263
13.0500,-19.7500,1.4279,1.4279
13.1000,-19.8000,1.4279,1.4279
13.1000,-19.8500,1.4008,1.4008
13.1500,-19.9000,1.4101,1.4101
13.2000,-19.9500,1.4225,1.4225
13.2500,-20.0000,1.4279,1.4279
13.3000,-20.0500,1.4325,1.4325
13.3000,-20.1000,1.4008,1.4008
13.3500,-20.1500,1.4101,1.4101
13.4000,-20.2000,1.4225,1.4225
13.4500,-20.2500,1.4325,1.4325
13.4500,-20.3000,1.4008,1.4008
13.5000,-20.3500,1.4101,1.4101
13.5500,-20.4000,1.4225,1.4225
13.6000,-20.4500,1.4325,1.4325
13.6000,-20.5000,1.4008,1.4008
13.6500,-20.5500,1.4101,1.4101
13.7000,-20.6000,1.4225,1.4225
13.7500,-20.6500,1.4325,1.4325
13.7500,-20.7000,1.4008,1.4008
13.8000,-20.7500,1.4101,1.4101
13.8500,-20.8000,1.4225,1.4225
13.9000,-20.8500,1.4279,1.4279
13.9500,-20.9000,1.4325,1.4325
13.9500,-20.9500,1.4008,1.4008
14.0000,-21.0000,1.4101,1.4101
14.0500,-21.0500,1.4225,1.4225
14.1000,-21.1000,1.4263,1.4263
14.1500,-21.1500,1.4279,1.4279
14.2000,-21.2000,1.4263,1.4263
14.2000,-21.2500,1.4008,1.4008
14.2500,-21.3000,1.4101,1.4101
14.3000,-21.3500,1.4225,1.4225
14.3500,-21.4000,1.4263,1.4263
14.4000,-21.4500,1.4263,1.4263
14.4500,-21.5000,1.3953,1.3953
14.5000,-21.5500,1.3264,1.3264
14.5500,-21.6000,1.2577,1.2577
14.6000,-21.6500,1.1892,1.1892
14.6500,-21.6500,1.1647,1.1647
14.7000,-21.6500,1.1416,1.1416
14.7500,-21.7000,1.0748,1.0748
14.8000,-21.7000,1.0540,1.0540
14.8500,-21.7000,1.0349,1.0349
14.9000,-21.7500,0.9705,0.9705
14.9500,-21.7500,0.9543,0.9543
15.0000,-21.7500,0.9402,0.9402
15.0500,-21.8000,0.8794,0.8794
15.1000,-21.8000,0.8689,0.8689
15.1500,-21.8000,0.8607,0.8607
15.2000,-21.8500,0.8050,0.8050
15.2500,-21.8500,0.8012,0.8012
15.3000,-21.8500,0.8000,0.8000
15.3500,-21.9000,0.7500,0.7500
15.4000,-21.9000,0.7513,0.7513
15.4500,-21.9000,0.7552,0.7552
15.5000,-21.9500,0.7124,0.7124
15.5500,-21.9500,0.7220,0.7220
15.6000,-21.9500,0.7341,0.7341
15.6500,-22.0000,0.7014,0.7014
15.7000,-22.0000,0.7192,0.7192
15.7500,-22.0000,0.7394,0.7394
15.8000,-22.0500,0.7179,0.7179
15.8500,-22.0500,0.7434,0.7434
15.9000,-22.0500,0.7708,0.7708
15.9500,-22.1000,0.7605,0.7605
16.0000,-22.1000,0.7605,0.7605
16.0500,-22.1500,0.7708,0.7708
16.1000,-22.2000,0.7862,0.7862
16.1500,-22.2500,0.7899,0.7899
16.1500,-22.3000,0.7708,0.7708
16.1500,-22.3500,0.7434,0.7434
16.2000,-22.4000,0.7618,0.7618
16.2500,-22.4500,0.7849,0.7849
16.2500,-22.5000,0.7657,0.7657
16.3000,-22.5500,0.7962,0.7962
16.3500,-22.6000,0.7552,0.7552
16.4000,-22.6500,0.7014,0.7014
16.4500,-22.6500,0.7000,0.7000
16.5000,-22.7000,0.6515,0.6515
16.5500,-22.7000,0.6559,0.6559
16.6000,-22.7000,0.6631,0.6631
16.6500,-22.7000,0.6732,0.6732
16.7000,-22.7500,0.6382,0.6382
16.7500,-22.7500,0.6544,0.6544
16.8000,-22.7500,0.6732,0.6732
16.8500,-22.7500,0.6944,0.6944
16.9000,-22.8000,0.6746,0.6746
16.9500,-22.8000,0.7014,0.7014
17.0000,-22.8000,0.7301,0.7301
17.0500,-22.8000,0.7179,0.7179
17.1000,-22.8500,0.7394,0.7394
17.1500,-22.9000,0.7552,0.7552
17.2000,-22.9500,0.7552,0.7552
17.2500,-23.0000,0.7605,0.7605
17.3000,-23.0500,0.7708,0.7708
17.3500,-23.0500,0.7849,0.7849
17.4000,-23.1000,0.8062,0.8062
17.4500,-23.1500,0.8296,0.8296
17.5000,-23.2000,0.8512,0.8512
17.5500,-23.2500,0.8770,0.8770
17.6000,-23.3000,0.8920,0.8920
17.6500,-23.3500,0.8500,0.8500
17.7000,-23.4000,0.8012,0.8012
17.7000,-23.4500,0.8050,0.8050
17.7000,-23.5000,0.8112,0.8112
17.7500,-23.5500,0.7708,0.7708
17.8000,-23.6000,0.7341,0.7341
17.8500,-23.6500,0.7014,0.7014
17.9000,-23.7000,0.6631,0.6631
17.9000,-23.7500,0.6732,0.6732
17.9500,-23.8000,0.6382,0.6382
17.9500,-23.8500,0.6544,0.6544
18.0000,-23.9000,0.6276,0.6276
18.0500,-23.9500,0.6062,0.6062
18.1000,-24.0000,0.5906,0.5906
18.1500,-24.0500,0.5810,0.5810
18.2000,-24.1000,0.5778,0.5778
18.2500,-24.1500,0.5778,0.5778
18.3000,-24.2000,0.5778,0.5778
18.3500,-24.2000,0.5632,0.5632
18.4000,-24.2500,0.5826,0.5826
18.4500,-24.3000,0.6078,0.6078
18.5000,-24.3500,0.6382,0.6382
18.5500,-24.4000,0.6732,0.6732
18.6000,-24.4500,0.7014,0.7014
18.6500,-24.5000,0.7341,0.7341
18.7000,-24.5500,0.7708,0.7708
18.7500,-24.6000,0.8112,0.8112
18.8000,-24.6500,0.8548,0.8548
18.8500,-24.6500,0.9011,0.9011
18.9000,-24.6500,0.9045,0.9045
18.9500,-24.6500,0.9102,0.9102
19.0000,-24.6500,0.9180,0.9180
19.0500,-24.6500,0.9281,0.9281
19.1000,-24.6500,0.9402,0.9402
19.1500,-24.6000,0.9068,0.9068
19.2000,-24.5500,0.8770,0.8770
19.2500,-24.5500,0.8966,0.8966
19.3000,-24.5000,0.8735,0.8735
19.3500,-24.5000,0.8548,0.8548
19.4000,-24.4500,0.8012,0.8012
19.4500,-24.4500,0.7513,0.7513
19.5000,-24.4000,0.7000,0.7000
19.5500,-24.3500,0.6515,0.6515
19.5500,-24.3000,0.6559,0.6559
19.5500,-24.2500,0.6631,0.6631
19.6000,-24.2000,0.6246,0.6246
19.6000,-24.1500,0.6382,0.6382
19.6500,-24.1000,0.6078,0.6078
19.6500,-24.0500,0.6276,0.6276
19.6500,-24.0000,0.6500,0.6500
19.7000,-23.9500,0.6322,0.6322
19.7500,-23.9000,0.6201,0.6201
19.8000,-23.8500,0.6139,0.6139
19.8500,-23.8000,0.6139,0.6139
19.9000,-23.7500,0.6201,0.6201
19.9500,-23.7500,0.5906,0.5906
20.0000,-23.7000,0.6062,0.6062
20.0500,-23.7000,0.5826,0.5826
20.1000,-23.7000,0.5616,0.5616
20.1500,-23.6500,0.5906,0.5906
20.2000,-23.6500,0.5762,0.5762
20.2500,-23.6500,0.5649,0.5649
20.3000,-23.6000,0.6062,0.6062
20.3500,-23.5500,0.6515,0.6515
20.4000,-23.5000,0.7000,0.7000
20.4500,-23.5000,0.7000,0.7000
20.5000,-23.5000,0.7000,0.7000
20.5500,-23.5000,0.7000,0.7000
20.6000,-23.5000,0.7000,0.7000
20.6500,-23.4500,0.7500,0.7500
20.7000,-23.4500,0.7500,0.7500
20.7500,-23.4500,0.7500,0.7500
20.8000,-23.4000,0.7962,0.7962
20.8500,-23.4000,0.8000,0.8000
20.9000,-23.3500,0.7849,0.7849
20.9500,-23.3500,0.8062,0.8062
21.0000,-23.3500,0.8124,0.8124
21.0500,-23.3500,0.7862,0.7862
21.1000,-23.3500,0.7618,0.7618
21.1500,-23.3500,0.7394,0.7394
21.2000,-23.3500,0.7192,0.7192
21.2500,-23.3000,0.7487,0.7487
21.3000,-23.3000,0.7341,0.7341
21.3500,-23.3000,0.7220,0.7220
21.4000,-23.3000,0.7124,0.7124
21.4500,-23.3000,0.7055,0.7055
21.5000,-23.3000,0.7014,0.7014
21.5500,-23.2500,0.7500,0.7500
21.6000,-23.2500,0.7513,0.7513
21.6500,-23.2500,0.7552,0.7552
21.7000,-23.2500,0.7618,0.7618
21.7500,-23.2500,0.7708,0.7708
21.8000,-23.2000,0.8308,0.8308
21.8500,-23.2000,0.8440,0.8440
21.9000,-23.2000,0.8500,0.8500
21.9500,-23.2000,0.8500,0.8500
22.0000,-23.2000,0.8500,0.8500
22.0500,-23.2000,0.8500,0.8500
22.1000,-23.2000,0.8500,0.8500
22.1500,-23.2000,0.8500,0.8500
22.2000,-23.2000,0.8500,0.8500
22.2500,-23.2000,0.8500,0.8500
22.3000,-23.2000,0.8500,0.8500
22.3500,-23.2000,0.8500,0.8500
22.4000,-23.2000,0.8512,0.8512
22.4500,-23.2000,0.8548,0.8548
22.5000,-23.2000,0.8607,0.8607
22.5500,-23.2500,0.9180,0.9180
22.6000,-23.2500,0.9281,0.9281
22.6500,-23.2500,0.9402,0.9402
22.7000,-23.3000,1.0021,1.0021
22.7500,-23.3000,1.0176,1.0176
22.8000,-23.3000,1.0349,1.0349
22.8500,-23.2500,1.0083,1.0083
22.9000,-23.2500,1.0298,1.0298
22.9500,-23.2500,1.0530,1.0530
23.0000,-23.2500,1.0777,1.0777
23.0500,-23.2000,1.0619,1.0619
23.1000,-23.2000,1.0903,1.0903
23.1500,-23.2000,1.1038,1.1038
23.2000,-23.1500,1.1086,1.1086
23.2500,-23.1000,1.1086,1.1086
23.3000,-23.0500,1.1086,1.1086
23.3500,-23.0000,1.1124,1.1124
23.4000,-22.9500,1.1200,1.1200
23.4000,-22.9000,1.0903,1.0903
23.4000,-22.8500,1.0619,1.0619
23.4500,-22.8000,1.0777,1.0777
23.4500,-22.7500,1.0530,1.0530
23.5000,-22.7000,1.0748,1.0748
23.5000,-22.6500,1.0540,1.0540
23.5000,-22.6000,1.0349,1.0349
23.5500,-22.5500,1.0649,1.0649
23.5500,-22.5000,1.0500,1.0500
23.5500,-22.4500,1.0369,1.0369
23.6000,-22.4000,1.0748,1.0748
23.6000,-22.3500,1.0659,1.0659
23.6500,-22.3000,1.1086,1.1086
23.7000,-22.2500,1.1537,1.1537
23.7500,-22.2000,1.2009,1.2009
23.8000,-22.1500,1.2500,1.2500
23.8500,-22.1000,1.3000,1.3000
23.9000,-22.0500,1.3508,1.3508
23.9500,-22.0000,1.4031,1.4031
24.0000,-21.9500,1.4568,1.4568
24.0500,-21.9000,1.4621,1.4621
24.1000,-21.8500,1.4621,1.4621
24.1500,-21.8000,1.4621,1.4621
24.2000,-21.7500,1.4621,1.4621
24.2500,-21.7000,1.4508,1.4508
24.3000,-21.6500,1.4401,1.4401
24.3000,-21.6000,1.4401,1.4401
24.3500,-21.5500,1.4508,1.4508
24.4000,-21.5000,1.4621,1.4621
24.4500,-21.4500,1.4621,1.4621
24.5000,-21.4000,1.4508,1.4508
24.5000,-21.3500,1.4401,1.4401
24.5500,-21.3000,1.4508,1.4508
24.6000,-21.2500,1.4621,1.4621
24.6500,-21.2000,1.4621,1.4621
24.7000,-21.1500,1.4508,1.4508
24.7000,-21.1000,1.4401,1.4401
24.7500,-21.0500,1.4508,1.4508
24.8000,-21.0000,1.4643,1.4643
24.8500,-20.9500,1.4621,1.4621
24.9000,-20.9000,1.4508,1.4508
24.9000,-20.8500,1.4508,1.4508
24.9500,-20.8000,1.4643,1.4643
25.0000,-20.7500,1.4508,1.4508
25.0000,-20.7000,1.4401,1.4401
25.0500,-20.6500,1.4508,1.4508
25.1000,-20.6000,1.4643,1.4643
25.1000,-20.5500,1.4378,1.4378
25.1500,-20.5000,1.4508,1.4508
25.2000,-20.4500,1.4643,1.4643
25.2000,-20.4000,1.4378,1.4378
25.2500,-20.3500,1.4508,1.4508
25.3000,-20.3000,1.4643,1.4643
25.3000,-20.2500,1.4378,1.4378
25.3500,-20.2000,1.4508,1.4508
25.4000,-20.1500,1.4643,1.4643
25.4000,-20.1000,1.4378,1.4378
25.4500,-20.0500,1.4560,1.4560
25.5000,-20.0000,1.4560,1.4560
25.5000,-19.9500,1.4508,1.4508
25.5500,-19.9000,1.4643,1.4643
25.6000,-19.8500,1.4508,1.4508
25.6000,-19.8000,1.4508,1.4508
25.6500,-19.7500,1.4560,1.4560
25.6500,-19.7000,1.4378,1.4378
25.7000,-19.6500,1.4560,1.4560
25.7500,-19.6000,1.4508,1.4508
25.7500,-19.5500,1.4553,1.4553
25.8000,-19.5000,1.4553,1.4553
25.8000,-19.4500,1.4508,1.4508
25.8500,-19.4000,1.4560,1.4560
25.8500,-19.3500,1.4378,1.4378
25.9000,-19.3000,1.4560,1.4560
25.9000,-19.2500,1.4325,1.4325
25.9500,-19.2000,1.4553,1.4553
26.0000,-19.1500,1.4553,1.4553
26.0000,-19.1000,1.4553,1.4553
26.0500,-19.0500,1.4553,1.4553
26.0500,-19.0000,1.4508,1.4508
26.1000,-18.9500,1.4553,1.4553
26.1000,-18.9000,1.4378,1.4378
26.1500,-18.8500,1.4553,1.4553
26.1500,-18.8000,1.4325,1.4325
26.2000,-18.7500,1.4553,1.4553
26.2000,-18.7000,1.4325,1.4325
26.2500,-18.6500,1.4553,1.4553
26.2500,-18.6000,1.4325,1.4325
26.3000,-18.5500,1.4553,1.4553
26.3000,-18.5000,1.4325,1.4325
26.3500,-18.4500,1.4553,1.4553
26.3500,-18.4000,1.4325,1.4325
26.4000,-18.3500,1.4553,1.4553
26.4000,-18.3000,1.4325,1.4325
26.4500,-18.2500,1.4447,1.4447
26.4500,-18.2000,1.4348,1.4348
26.5000,-18.1500,1.4348,1.4348
26.5000,-18.1000,1.4447,1.4447
26.5000,-18.0500,1.4286,1.4286
26.5500,-18.0000,1.4553,1.4553
26.5500,-17.9500,1.4325,1.4325
26.6000,-17.9000,1.4553,1.4553
26.6000,-17.8500,1.4325,1.4325
26.6500,-17.8000,1.4447,1.4447
26.6500,-17.7500,1.4325,1.4325
26.6500,-17.7000,1.4101,1.4101
26.7000,-17.6500,1.4348,1.4348
26.7000,-17.6000,1.4155,1.4155
26.7500,-17.5500,1.4447,1.4447
26.7500,-17.5000,1.4286,1.4286
26.8000,-17.4500,1.4348,1.4348
26.8000,-17.4000,1.4325,1.4325
26.8000,-17.3500,1.4101,1.4101
26.8500,-17.3000,1.4348,1.4348
26.8500,-17.2500,1.4155,1.4155
26.9000,-17.2000,1.4348,1.4348
26.9000,-17.1500,1.4286,1.4286
26.9000,-17.1000,1.4101,1.4101
26.9500,-17.0500,1.4348,1.4348
26.9500,-17.0000,1.4155,1.4155
26.9500,-16.9500,1.3977,1.3977
27.0000,-16.9000,1.4286,1.4286
27.0000,-16.8500,1.4140,1.4140
27.0500,-16.8000,1.4447,1.4447
27.0500,-16.7500,1.4286,1.4286
27.0500,-16.7000,1.4101,1.4101
27.1000,-16.6500,1.4348,1.4348
27.1000,-16.6000,1.4155,1.4155
27.1500,-16.5500,1.4286,1.4286
27.1500,-16.5000,1.4286,1.4286
27.1500,-16.4500,1.4140,1.4140
27.2000,-16.4000,1.4286,1.4286
27.2000,-16.3500,1.4286,1.4286
27.2000,-16.3000,1.4140,1.4140
27.2500,-16.2500,1.4286,1.4286
27.2500,-16.2000,1.4286,1.4286
27.2500,-16.1500,1.4140,1.4140
27.3000,-16.1000,1.4286,1.4286
27.3000,-16.0500,1.4286,1.4286
27.3000,-16.0000,1.4140,1.4140
27.3500,-15.9500,1.4286,1.4286
27.3500,-15.9000,1.4286,1.4286
27.3500,-15.8500,1.4140,1.4140
27.3500,-15.8000,1.3977,1.3977
27.4000,-15.7500,1.4286,1.4286
27.4000,-15.7000,1.4140,1.4140
27.4000,-15.6500,1.4008,1.4008
27.4000,-15.6000,1.3890,1.3890
27.4500,-15.5500,1.4279,1.4279
27.4500,-15.5000,1.4140,1.4140
27.4500,-15.4500,1.3977,1.3977
27.5000,-15.4000,1.4286,1.4286
27.5000,-15.3500,1.4140,1.4140
27.5000,-15.3000,1.3977,1.3977
27.5000,-15.2500,1.3811,1.3811
27.5500,-15.2000,1.4140,1.4140
27.5500,-15.1500,1.4008,1.4008
27.5500,-15.1000,1.3890,1.3890
27.6000,-15.0500,1.4279,1.4279
27.6000,-15.0000,1.4140,1.4140
27.6000,-14.9500,1.4008,1.4008
27.6000,-14.9000,1.3890,1.3890
27.6500,-14.8500,1.4279,1.4279
27.6500,-14.8000,1.4140,1.4140
27.6500,-14.7500,1.4008,1.4008
27.7000,-14.7000,1.4378,1.4378
27.7000,-14.6500,1.4279,1.4279
27.7000,-14.6000,1.4140,1.4140
27.7000,-14.5500,1.4008,1.4008
27.7500,-14.5000,1.4378,1.4378
27.7500,-14.4500,1.4279,1.4279
27.7500,-14.4000,1.4140,1.4140
27.8000,-14.3500,1.4279,1.4279
27.8000,-14.3000,1.4378,1.4378
27.8000,-14.2500,1.4279,1.4279
27.8000,-14.2000,1.4140,1.4140
27.8500,-14.1500,1.4279,1.4279
27.8500,-14.1000,1.4286,1.4286
27.8500,-14.0500,1.4140,1.4140
27.8500,-14.0000,1.4008,1.4008
27.9000,-13.9500,1.4279,1.4279
27.9000,-13.9000,1.4279,1.4279
27.9000,-13.8500,1.4140,1.4140
27.9000,-13.8000,1.4008,1.4008
27.9500,-13.7500,1.4279,1.4279
27.9500,-13.7000,1.4279,1.4279
27.9500,-13.6500,1.4140,1.4140
27.9500,-13.6000,1.4008,1.4008
28.0000,-13.5500,1.4279,1.4279
28.0000,-13.5000,1.4279,1.4279
28.0000,-13.4500,1.4140,1.4140
28.0000,-13.4000,1.4008,1.4008
28.0500,-13.3500,1.4279,1.4279
28.0500,-13.3000,1.4279,1.4279
28.0500,-13.2500,1.4194,1.4194
28.0500,-13.2000,1.4125,1.4125
28.1000,-13.1500,1.4279,1.4279
28.1000,-13.1000,1.4378,1.4378
28.1000,-13.0500,1.4279,1.4279
28.1000,-13.0000,1.4140,1.4140
28.1500,-12.9500,1.4279,1.4279
28.1500,-12.9000,1.4378,1.4378
28.1500,-12.8500,1.4279,1.4279
28.1500,-12.8000,1.4140,1.4140
28.1500,-12.7500,1.4008,1.4008
28.2000,-12.7000,1.4378,1.4378
28.2000,-12.6500,1.4279,1.4279
28.2000,-12.6000,1.4140,1.4140
28.2000,-12.5500,1.4008,1.4008
28.2500,-12.5000,1.4378,1.4378
28.2500,-12.4500,1.4279,1.4279
28.2500,-12.4000,1.4140,1.4140
28.2500,-12.3500,1.4008,1.4008
28.2500,-12.3000,1.3890,1.3890
28.3000,-12.2500,1.4279,1.4279
28.3000,-12.2000,1.4194,1.4194
28.3000,-12.1500,1.4125,1.4125
28.3000,-12.1000,1.4008,1.4008
28.3500,-12.0500,1.4279,1.4279
28.3500,-12.0000,1.4279,1.4279
28.3500,-11.9500,1.4194,1.4194
28.3500,-11.9000,1.4125,1.4125
28.3500,-11.8500,1.4008,1.4008
28.4000,-11.8000,1.4378,1.4378
28.4000,-11.7500,1.4279,1.4279
28.4000,-11.7000,1.4140,1.4140
28.4000,-11.6500,1.4008,1.4008
28.4000,-11.6000,1.3890,1.3890
28.4500,-11.5500,1.4279,1.4279
28.4500,-11.5000,1.4194,1.4194
28.4500,-11.4500,1.4125,1.4125
28.4500,-11.4000,1.4008,1.4008
28.4500,-11.3500,1.3890,1.3890
28.5000,-11.3000,1.4279,1.4279
28.5000,-11.2500,1.4140,1.4140
28.5000,-11.2000,1.4008,1.4008
28.5000,-11.1500,1.3890,1.3890
28.5000,-11.1000,1.3788,1.3788
28.5500,-11.0500,1.4194,1.4194
28.5500,-11.0000,1.4125,1.4125
28.5500,-10.9500,1.4070,1.4070
28.5500,-10.9000,1.4008,1.4008
28.6000,-10.8500,1.4378,1.4378
28.6000,-10.8000,1.4279,1.4279
28.6000,-10.7500,1.4194,1.4194
28.6000,-10.7000,1.4125,1.4125
28.6000,-10.6500,1.4008,1.4008
28.6500,-10.6000,1.4378,1.4378
28.6500,-10.5500,1.4279,1.4279
28.6500,-10.5000,1.4194,1.4194
28.6500,-10.4500,1.4125,1.4125
28.7000,-10.4000,1.4279,1.4279
28.7000,-10.3500,1.4378,1.4378
28.7000,-10.3000,1.4279,1.4279
28.7000,-10.2500,1.4194,1.4194
28.7000,-10.2000,1.4125,1.4125
28.7000,-10.1500,1.4008,1.4008
28.7500,-10.1000,1.4378,1.4378
28.7500,-10.0500,1.4279,1.4279
28.7500,-10.0000,1.4194,1.4194
28.7500,-9.9500,1.4125,1.4125
28.7500,-9.9000,1.4070,1.4070
28.7500,-9.8500,1.4008,1.4008
28.7500,-9.8000,1.3890,1.3890
28.8000,-9.7500,1.4279,1.4279
28.8000,-9.7000,1.4194,1.4194
28.8000,-9.6500,1.4125,1.4125
28.8000,-9.6000,1.4070,1.4070
28.8000,-9.5500,1.4008,1.4008
28.8000,-9.5000,1.3890,1.3890
28.8000,-9.4500,1.3788,1.3788
28.8500,-9.4000,1.4194,1.4194
28.8500,-9.3500,1.4125,1.4125
28.8500,-9.3000,1.4070,1.4070
28.8500,-9.2500,1.4031,1.4031
28.8500,-9.2000,1.4008,1.4008
28.8500,-9.1500,1.3890,1.3890
28.9000,-9.1000,1.4279,1.4279
28.9000,-9.0500,1.4194,1.4194
28.9000,-9.0000,1.4125,1.4125
28.9000,-8.9500,1.4070,1.4070
28.9000,-8.9000,1.4031,1.4031
28.9000,-8.8500,1.4008,1.4008
28.9500,-8.8000,1.4378,1.4378
28.9500,-8.7500,1.4279,1.4279
28.9500,-8.7000,1.4194,1.4194
28.9500,-8.6500,1.4125,1.4125
28.9500,-8.6000,1.4070,1.4070
28.9500,-8.5500,1.4031,1.4031
28.9500,-8.5000,1.4008,1.4008
28.9500,-8.4500,1.4000,1.4000
28.9500,-8.4000,1.3890,1.3890
28.9500,-8.3500,1.3788,1.3788
28.9500,-8.3000,1.3700,1.3700
28.9500,-8.2500,1.3628,1.3628
28.9500,-8.2000,1.3572,1.3572
29.0000,-8.1500,1.4031,1.4031
29.0000,-8.1000,1.4008,1.4008
29.0000,-8.0500,1.4000,1.4000
29.0000,-8.0000,1.4000,1.4000
29.0000,-7.9500,1.4000,1.4000
29.0000,-7.9000,1.3890,1.3890
29.0000,-7.8500,1.3788,1.3788
29.0000,-7.8000,1.3700,1.3700
29.0000,-7.7500,1.3628,1.3628
29.0000,-7.7000,1.3572,1.3572
29.0000,-7.6500,1.3532,1.3532
29.0000,-7.6000,1.3508,1.3508
29.0000,-7.5500,1.3500,1.3500
29.0000,-7.5000,1.3500,1.3500
29.0000,-7.4500,1.3500,1.3500
29.0000,-7.4000,1.3500,1.3500
29.0500,-7.3500,1.4000,1.4000
29.0500,-7.3000,1.4000,1.4000
29.0500,-7.2500,1.4000,1.4000
29.0500,-7.2000,1.4000,1.4000
29.0500,-7.1500,1.4000,1.4000
29.0500,-7.1000,1.4000,1.4000
29.0500,-7.0500,1.4000,1.4000
29.0500,-7.0000,1.4000,1.4000
29.0500,-6.9500,1.4000,1.4000
29.0500,-6.9000,1.4000,1.4000
29.0500,-6.8500,1.4000,1.4000
29.0500,-6.8000,1.4000,1.4000
29.0500,-6.7500,1.4000,1.4000
29.0500,-6.7000,1.4000,1.4000
29.0500,-6.6500,1.4000,1.4000
29.0500,-6.6000,1.4000,1.4000
29.0500,-6.5500,1.4000,1.4000
29.0500,-6.5000,1.4000,1.4000
29.0500,-6.4500,1.4000,1.4000
29.0500,-6.4000,1.4000,1.4000
29.0000,-6.3500,1.3500,1.3500
29.0000,-6.3000,1.3500,1.3500
29.0000,-6.2500,1.3500,1.3500
29.0000,-6.2000,1.3500,1.3500
29.0000,-6.1500,1.3500,1.3500
29.0000,-6.1000,1.3500,1.3500
29.0000,-6.0500,1.3500,1.3500
29.0000,-6.0000,1.3500,1.3500
29.0000,-5.9500,1.3500,1.3500
29.0000,-5.9000,1.3500,1.3500
28.9500,-5.8500,1.3000,1.3000
28.9500,-5.8000,1.3000,1.3000
28.9500,-5.7500,1.3000,1.3000
28.9500,-5.7000,1.3000,1.3000
28.9500,-5.6500,1.3008,1.3008
28.9500,-5.6000,1.3033,1.3033
28.9500,-5.5500,1.3075,1.3075
28.9500,-5.5000,1.3133,1.3133
28.9000,-5.4500,1.2714,1.2714
28.9000,-5.4000,1.2807,1.2807
28.9000,-5.3500,1.2916,1.2916
28.9000,-5.3000,1.3033,1.3033
28.9000,-5.2500,1.3075,1.3075
28.9000,-5.2000,1.3133,1.3133
28.9000,-5.1500,1.3207,1.3207
28.8500,-5.1000,1.2807,1.2807
28.8500,-5.0500,1.2916,1.2916
28.8500,-5.0000,1.3042,1.3042
28.8500,-4.9500,1.3182,1.3182
28.8500,-4.9000,1.3338,1.3338
28.8000,-4.8500,1.3042,1.3042
28.8000,-4.8000,1.3182,1.3182
28.8000,-4.7500,1.3338,1.3338
28.8000,-4.7000,1.3508,1.3508
28.8000,-4.6500,1.3660,1.3660
28.8000,-4.6000,1.3811,1.3811
28.7500,-4.5500,1.3508,1.3508
28.7500,-4.5000,1.3692,1.3692
28.7000,-4.4500,1.3435,1.3435
28.7000,-4.4000,1.3652,1.3652
28.7000,-4.3500,1.3882,1.3882
28.7000,-4.3000,1.4101,1.4101
28.6500,-4.2500,1.3882,1.3882
28.6500,-4.2000,1.4101,1.4101
28.6000,-4.1500,1.3882,1.3882
28.6000,-4.1000,1.4101,1.4101
28.5500,-4.0500,1.3882,1.3882
28.5500,-4.0000,1.4125,1.4125
28.5000,-3.9500,1.3953,1.3953
28.5000,-3.9000,1.4225,1.4225
28.4500,-3.8500,1.4101,1.4101
28.4000,-3.8000,1.4008,1.4008
28.4000,-3.7500,1.4325,1.4325
28.3500,-3.7000,1.4279,1.4279
28.3000,-3.6500,1.4263,1.4263
28.2500,-3.6000,1.4263,1.4263
28.2000,-3.5500,1.4263,1.4263
28.1500,-3.5000,1.4263,1.4263
28.1000,-3.4500,1.4263,1.4263
28.0500,-3.4000,1.4263,1.4263
28.0000,-3.3500,1.4263,1.4263
27.9500,-3.3000,1.4263,1.4263
27.9000,-3.2500,1.4263,1.4263
27.8500,-3.2000,1.4279,1.4279
27.8000,-3.1500,1.4325,1.4325
27.7500,-3.1000,1.4401,1.4401
27.7000,-3.0500,1.4401,1.4401
27.6500,-3.0500,1.4225,1.4225
27.6000,-3.0000,1.4378,1.4378
27.5500,-2.9500,1.4508,1.4508
27.5000,-2.9000,1.4378,1.4378
27.4500,-2.9000,1.4378,1.4378
27.4000,-2.8500,1.4508,1.4508
27.3500,-2.8000,1.4378,1.4378
27.3000,-2.8000,1.4378,1.4378
27.2500,-2.7500,1.4508,1.4508
27.2000,-2.7000,1.4378,1.4378
27.1500,-2.7000,1.4378,1.4378
27.1000,-2.6500,1.4508,1.4508
27.0500,-2.6000,1.4325,1.4325
27.0000,-2.6000,1.4378,1.4378
26.9500,-2.5500,1.4378,1.4378
26.9000,-2.5000,1.4225,1.4225
26.8500,-2.5000,1.4378,1.4378
26.8000,-2.4500,1.4325,1.4325
26.7500,-2.4500,1.4325,1.4325
26.7000,-2.4000,1.4378,1.4378
26.6500,-2.3500,1.4225,1.4225
26.6000,-2.3500,1.4378,1.4378
26.5500,-2.3000,1.4325,1.4325
26.5000,-2.2500,1.4125,1.4125
26.4500,-2.2500,1.4325,1.4325
26.4000,-2.2000,1.4225,1.4225
26.3500,-2.1500,1.4101,1.4101
26.3000,-2.1500,1.4225,1.4225
26.2500,-2.1000,1.4225,1.4225
26.2000,-2.1000,1.4101,1.4101
26.1500,-2.0500,1.4225,1.4225
26.1000,-2.0000,1.4325,1.4325
26.0500,-2.0000,1.4008,1.4008
26.0000,-1.9500,1.4101,1.4101
25.9500,-1.9000,1.4225,1.4225
25.9000,-1.8500,1.4325,1.4325
25.8500,-1.8500,1.4008,1.4008
25.8000,-1.8000,1.4101,1.4101
25.7500,-1.7500,1.4225,1.4225
25.7000,-1.7000,1.4263,1.4263
25.6500,-1.6500,1.4263,1.4263
25.6000,-1.6000,1.4263,1.4263
25.5500,-1.5500,1.4263,1.4263
25.5000,-1.5000,1.4263,1.4263
25.4500,-1.5000,1.4008,1.4008
25.4000,-1.4500,1.4101,1.4101
25.3500,-1.4000,1.4101,1.4101
25.3000,-1.3500,1.4008,1.4008
25.3000,-1.3000,1.4263,1.4263
25.2500,-1.2500,1.4263,1.4263
25.2000,-1.2000,1.4263,1.4263
25.1500,-1.1500,1.4263,1.4263
25.1000,-1.1000,1.4263,1.4263
25.0500,-1.0500,1.4225,1.4225
25.0000,-1.0000,1.4101,1.4101
24.9500,-0.9500,1.4008,1.4008
24.9500,-0.9000,1.4008,1.4008
24.9000,-0.8500,1.4101,1.4101
24.8500,-0.8000,1.4101,1.4101
24.8000,-0.7500,1.4008,1.4008
24.8000,-0.7000,1.4101,1.4101
24.7500,-0.6500,1.4225,1.4225
24.7000,-0.6000,1.4101,1.4101
24.6500,-0.5500,1.3953,1.3953
24.6500,-0.5000,1.4225,1.4225
24.6000,-0.4500,1.4101,1.4101
24.6000,-0.4000,1.4101,1.4101
24.5500,-0.3500,1.4225,1.4225
24.5500,-0.3000,1.3953,1.3953
24.5000,-0.2500,1.4125,1.4125
24.4500,-0.2000,1.4101,1.4101
24.4500,-0.1500,1.4101,1.4101
24.4000,-0.1000,1.4125,1.4125
24.4000,-0.0500,1.4101,1.4101
24.3500,0.0000,1.4225,1.4225
24.3500,0.0500,1.4101,1.4101
24.3000,0.1000,1.4325,1.4325
24.3000,0.1500,1.4101,1.4101
24.2500,0.2000,1.4325,1.4325
24.2500,0.2500,1.4101,1.4101
24.2000,0.3000,1.4325,1.4325
24.2000,0.3500,1.4155,1.4155
24.1500,0.4000,1.4286,1.4286
24.1500,0.4500,1.4286,1.4286
24.1500,0.5000,1.4101,1.4101
24.1000,0.5500,1.4325,1.4325
24.1000,0.6000,1.4101,1.4101
24.0500,0.6500,1.4286,1.4286
24.0500,0.7000,1.4155,1.4155
24.0000,0.7500,1.4155,1.4155
24.0000,0.8000,1.4286,1.4286
23.9500,0.8500,1.4101,1.4101
23.9500,0.9000,1.4325,1.4325
23.9000,0.9500,1.4101,1.4101
23.9000,1.0000,1.4325,1.4325
23.8500,1.0500,1.4101,1.4101
23.8500,1.1000,1.4325,1.4325
23.8000,1.1500,1.4125,1.4125
23.8000,1.2000,1.4378,1.4378
23.8000,1.2500,1.4325,1.4325
23.7500,1.3000,1.4508,1.4508
23.7500,1.3500,1.4325,1.4325
23.7000,1.4000,1.4553,1.4553
23.6500,1.4500,1.4651,1.4651
23.6500,1.5000,1.4553,1.4553
23.6000,1.5500,1.4771,1.4771
23.5500,1.6000,1.4530,1.4530
23.5000,1.6500,1.4008,1.4008
23.4500,1.7000,1.3500,1.3500
23.4000,1.7000,1.3500,1.3500
23.3500,1.7500,1.3000,1.3000
23.3000,1.7500,1.3000,1.3000
23.2500,1.8000,1.2500,1.2500
23.2000,1.8000,1.2500,1.2500
23.1500,1.8000,1.2500,1.2500
23.1000,1.8000,1.2500,1.2500
23.0500,1.8000,1.2500,1.2500
23.0000,1.8000,1.2500,1.2500
22.9500,1.8000,1.2500,1.2500
22.9000,1.8000,1.2500,1.2500
22.8500,1.8000,1.2500,1.2500
22.8000,1.8000,1.2500,1.2500
22.7500,1.8000,1.2500,1.2500
22.7000,1.8000,1.2431,1.2431
22.6500,1.8000,1.2318,1.2318
22.6000,1.8000,1.2221,1.2221
22.5500,1.8000,1.2142,1.2142
22.5000,1.8000,1.2080,1.2080
22.4500,1.8000,1.2036,1.2036
22.4000,1.8000,1.2009,1.2009
22.3500,1.8000,1.2000,1.2000
22.3000,1.8000,1.2009,1.2009
22.2500,1.8000,1.2036,1.2036
22.2000,1.8000,1.2080,1.2080
22.1500,1.8000,1.2142,1.2142
22.1000,1.8000,1.2221,1.2221
22.0500,1.8000,1.2318,1.2318
22.0000,1.8000,1.2431,1.2431
21.9500,1.8000,1.2500,1.2500
21.9000,1.8000,1.2500,1.2500
21.8500,1.8000,1.2500,1.2500
21.8000,1.8000,1.2500,1.2500
21.7500,1.8000,1.2500,1.2500
21.7000,1.8000,1.2500,1.2500
21.6500,1.8000,1.2500,1.2500
21.6000,1.8000,1.2509,1.2509
21.5500,1.8000,1.2534,1.2534
21.5000,1.8000,1.2577,1.2577
21.4500,1.8000,1.2637,1.2637
